id,name_ru,slug,img,alt_ru,desc_ru,price,price_sub,order_ru,name_en,desc_en,alt_en,name_ko,desc_ko,alt_ko
1,25 розовых роз,25-rozovyh-roz,img/products/25-rozovyh-roz/1.webp,25 розовых роз Нячанг доставка,нежные розовые розы в белой упаковке — трогательный подарок на любой повод,500 000 донгов,≈ $20 · 1 900 ₽,25 розовых роз,25 pink roses,tender pink roses in white wrapping — a touching gift for any occasion,25 pink roses delivery Nha Trang,핑크 장미 25송이,하얀 포장의 부드러운 핑크 장미 — 어떤 자리에도 어울리는 선물,나트랑 핑크 장미 25송이 배달
2,25 белых роз,25-belyh-roz,img/products/25-belyh-roz/1.webp,25 белых роз Нячанг доставка,классические белые розы в белой упаковке — элегантный подарок,500 000 донгов,≈ $20 · 1 900 ₽,25 белых роз,25 white roses,classic white roses in white wrapping — an elegant and timeless gift,25 white roses delivery Nha Trang,흰 장미 25송이,하얀 포장의 클래식한 흰 장미 — 우아하고 세련된 선물,나트랑 흰 장미 25송이 배달
3,25 красных роз,25-krasnyh-roz,img/products/25-krasnyh-roz/1.webp,25 красных роз Нячанг доставка,яркие красные пионовидные розы в белой упаковке,500 000 донгов,≈ $20 · 1 900 ₽,25 красных роз,25 red roses,vibrant red garden roses in white wrapping — bold and beautiful,25 red roses delivery Nha Trang,빨간 장미 25송이,화이트 포장의 선명한 빨간 피오니 장미 — 사랑을 전하는 최고의 선물,나트랑 빨간 장미 25송이 배달
4,25 розовых пионовидных роз,25-rozovyh-pionovidnyh-roz,img/products/25-rozovyh-pionovidnyh-roz/1.webp,25 пионовидных роз Нячанг доставка,нежные пионовидные розы в белой упаковке — идеальный подарок,500 000 донгов,≈ $20 · 1 900 ₽,25 розовых пионовидных роз,25 garden pink roses,lush peony-style pink roses in white wrapping — a perfect romantic gift,25 garden pink roses Nha Trang,피오니 핑크 장미 25송이,풍성한 피오니형 핑크 장미 — 로맨틱한 선물의 완성,피오니 핑크 장미 25송이
5,7 веток лилий,7-vetok-liliy,img/products/7-vetok-liliy/1.webp,7 веток лилий Нячанг доставка,свежие белые лилии в белой упаковке — нежный и ароматный букет,600 000 донгов,≈ $24 · 2 200 ₽,7 веток лилий,7 lily stems,fresh white lilies in white wrapping — delicate and fragrant bouquet,7 lily stems delivery Nha Trang,백합 7가지,하얀 포장의 신선한 흰 백합 — 우아하고 향기로운 꽃다발,나트랑 백합 7가지 배달
6,51 белая роза с эвкалиптом,51-belaya-roza-s-evkaliptom,img/products/51-belaya-roza-s-evkaliptom/1.webp,51 белая роза с эвкалиптом Нячанг,элегантный букет белых роз с веточками эвкалипта,1 000 000 донгов,≈ $40 · 3 700 ₽,51 белая роза с эвкалиптом,51 white roses & eucalyptus,an elegant bouquet of white roses with eucalyptus sprigs,51 white roses with eucalyptus Nha Trang,흰 장미 51송이 + 유칼립투스,유칼립투스가 더해진 우아한 흰 장미 꽃다발,흰 장미 51송이 + 유칼립투스
7,51 бело-розовая роза,51-belo-rozovaya-roza,img/products/51-belo-rozovaya-roza/1.webp,51 бело-розовая роза Нячанг,пышный букет из бело-розовых роз в белой упаковке,1 000 000 донгов,≈ $40 · 3 700 ₽,51 бело-розовая роза,51 white-pink roses,a lush bouquet of white and pink roses in white wrapping,51 white-pink roses Nha Trang,흰&핑크 장미 51송이,하얀 포장의 풍성한 흰&핑크 장미 꽃다발,흰&핑크 장미 51송이
8,набор шаров S,nabor-sharov-s,img/products/nabor-sharov-s/1.webp,Набор гелиевых шаров S Нячанг,"2 большие цифры, или 1 цифра + 3 шара, или 7 фольгированных шаров",1 000 000 донгов,≈ $40 · 3 700 ₽,набор шаров S,balloon set S,"2 large number balloons, or 1 number + 3 balloons, or 7 foil balloons",Helium balloon set S Nha Trang,풍선 세트 S,"대형 숫자 2개, 또는 숫자 1개 + 풍선 3개, 또는 호일 풍선 7개",나트랑 헬륨 풍선 세트 S
9,101 роза в корзине,101-roza-v-korzine,img/products/101-roza-v-korzine/1.webp,101 роза в корзине Нячанг доставка,роскошный букет из розово-коралловых роз в корзине,2 000 000 донгов,≈ $80 · 7 300 ₽,101 роза в корзине,101 roses in a basket,a lavish arrangement of pink-coral roses in a wicker basket,101 roses in a basket Nha Trang delivery,바구니 장미 101송이,바구니에 담긴 핑크-코랄 장미 101송이 — 최고의 감동 선물,나트랑 바구니 장미 101송이 배달
10,101 бело-розовая роза в корзине,101-belo-rozovaya-roza-v-korzine,img/products/101-belo-rozovaya-roza-v-korzine/1.webp,101 бело-розовая роза в корзине Нячанг,нежные бело-розовые розы в корзине — роскошный подарок,2 000 000 донгов,≈ $80 · 7 300 ₽,101 бело-розовая роза в корзине,101 white-pink roses in a basket,tender white-pink roses in a wicker basket — a truly luxurious gift,101 white-pink roses basket Nha Trang,바구니 흰&핑크 장미 101송이,바구니에 담긴 부드러운 흰&핑크 장미 — 럭셔리 선물,바구니 흰&핑크 장미 101송이
11,набор шаров L,nabor-sharov-l,img/products/nabor-sharov-l/1.webp,Набор гелиевых шаров L Нячанг,"2 цифры + 7 шаров, или 1 цифра + 10 шаров, или 15 фольгированных шаров",2 000 000 донгов,≈ $80 · 7 300 ₽,набор шаров L,balloon set L,"2 numbers + 7 balloons, or 1 number + 10 balloons, or 15 foil balloons",Helium balloon set L Nha Trang,풍선 세트 L,"숫자 2개 + 풍선 7개, 또는 숫자 1개 + 풍선 10개, 또는 호일 풍선 15개",나트랑 헬륨 풍선 세트 L
12,151 фиолетовая роза,151-fioletovaya-roza,img/products/151-fioletovaya-roza/1.webp,151 фиолетовая роза Нячанг доставка,грандиозный букет из фиолетовых роз — максимальное впечатление,2 250 000 донгов,≈ $90 · 8 200 ₽,151 фиолетовая роза,151 purple roses,a grand bouquet of deep purple roses — maximum impression guaranteed,151 purple roses delivery Nha Trang,보라 장미 151송이,화려한 보라 장미 대형 꽃다발 — 최고의 임팩트,나트랑 보라 장미 151송이 배달
13,151 красная роза в корзине + набор шаров L,151-krasnyh-roz-korzina-i-nabor-sharov-l,img/products/151-krasnyh-roz-korzina-i-nabor-sharov-l/1.webp,151 красная роза в корзине и набор шаров L Нячанг доставка,151 красная роза в плетёной корзине плюс гелиевый набор шаров L с большими золотыми цифрами — эффектный сюрприз на юбилей,4 700 000 донгов,≈ $188 · 17 100 ₽,151 красная роза в корзине + набор шаров L,151 red roses in a basket + balloon set L,151 red roses in a woven basket plus a helium balloon set L with giant gold numbers — a stunning birthday surprise,151 red roses basket and balloon set L delivery Nha Trang,바구니에 담긴 빨간 장미 151송이 + 풍선 세트 L,바구니에 담은 빨간 장미 151송이와 대형 골드 숫자 풍선 L 세트 — 생일을 위한 화려한 서프라이즈,나트랑 빨간 장미 151송이 바구니와 풍선 세트 L 배달
14,Стильный сборный букет в белой упаковке,stilnyy-sbornyy-buket-rozovyy,img/products/stilnyy-sbornyy-buket-rozovyy/1.webp,Стильный сборный букет в белой упаковке Нячанг доставка,"стильный сборный букет из розовых и белых цветов в нежной белой упаковке — яркий и трогательный подарок на любой повод, доставка по Нячангу со следующего дня",1 250 000 донгов,≈ $50 · 4 600 ₽,Стильный сборный букет в белой упаковке,Stylish mixed bouquet in white wrap,"a stylish mixed bouquet of pink and white flowers in delicate white wrapping — a bright and touching gift for any occasion, online delivery from the next day in Nha Trang",stylish mixed bouquet in white wrap delivery Nha Trang,화이트 포장 스타일리시 혼합 꽃다발,"하얀 포장의 핑크와 화이트 꽃으로 만든 세련된 혼합 꽃다발 — 어떤 자리에도 어울리는 화사하고 감동적인 선물, 나트랑 주문 다음 날부터 배달",나트랑 화이트 포장 혼합 꽃다발 배달
15,Набор шаров S с 7 фольгированными цифрами,nabor-sharov-s-7-cifr,img/products/nabor-sharov-s-7-cifr/1.webp,Набор шаров S Нячанг доставка,"золотые и синие фольгированные шары, звёзды и цифры — яркий гелиевый набор S на праздник",1 000 000 донгов,≈ $40 · 3 700 ₽,Набор шаров S с 7 фольгированными цифрами,Balloon set S with 7 foil figures,"gold and blue foil balloons, stars and figures — a bright helium set S for the celebration",Balloon set S delivery Nha Trang,풍선 세트 S (호일 7개),"골드·블루 호일 풍선, 별과 숫자 — 파티를 위한 화려한 헬륨 세트 S",나트랑 풍선 세트 S 배달
16,5 веток эустомы в белой упаковке,5-vetok-eustomy-belaya-upakovka,img/products/5-vetok-eustomy-belaya-upakovka/1.webp,эустома в белой упаковке Нячанг доставка,"нежная эустома (лизиантус) в белой упаковке — пышный воздушный букет в розово-сиреневых тонах, доставка по Нячангу со следующего дня",600 000 донгов,≈ $24 · 2 200 ₽,5 веток эустомы в белой упаковке,5 eustoma stems in white wrap,"delicate lisianthus (eustoma) in white wrapping — a lush, airy bouquet in pink and lilac tones, online delivery from the next day in Nha Trang",eustoma lisianthus bouquet in white wrap delivery Nha Trang,화이트 포장 리시안셔스 꽃다발,"하얀 포장의 부드러운 리시안셔스(유스토마) — 핑크·라일락 톤의 풍성하고 화사한 꽃다발, 나트랑 주문 다음 날부터 배달",나트랑 리시안셔스 유스토마 꽃다발 배달
17,Набор шаров M (2 большие цифры и 3 шара),nabor-sharov-m-cifry-3-shara,img/products/nabor-sharov-m-cifry-3-shara/1.webp,Набор шаров M Нячанг доставка,две большие фольгированные цифры и 3 фигурных шара (сердце и звёзды) — яркий гелиевый набор M на день рождения и праздник,1 500 000 донгов,≈ $60 · 5 500 ₽,Набор шаров M (2 большие цифры и 3 шара),Balloon set M (2 large numbers and 3 balloons),two large foil number balloons and 3 shaped balloons (heart and stars) — a bright helium set M for birthdays and celebrations,Balloon set M delivery Nha Trang,풍선 세트 M (대형 숫자 2개 + 풍선 3개),대형 호일 숫자 풍선 2개와 모양 풍선 3개(하트·별) — 생일과 파티를 위한 화려한 헬륨 세트 M,나트랑 풍선 세트 M 배달
18,101 розовая роза в белой упаковке,101-rozovaya-roza-v-upakovke,img/products/101-rozovaya-roza-v-upakovke/1.webp,101 розовая роза в белой упаковке Нячанг доставка,"роскошный букет из 101 пионовидной розово-коралловой розы в нежной белой упаковке — эффектный подарок, доставка по Нячангу со следующего дня",1 500 000 донгов,≈ $60 · 5 500 ₽,101 розовая роза в белой упаковке,101 pink roses in white wrap,"a lavish bouquet of 101 peony-style pink-coral roses in soft white wrapping — a stunning gift, online delivery from the next day in Nha Trang",101 pink roses in white wrap delivery Nha Trang,화이트 포장 핑크 장미 101송이,"부드러운 화이트 포장의 101송이 피오니 핑크-코랄 장미 — 화려한 감동 선물, 나트랑 주문 다음 날부터 배달",나트랑 화이트 포장 핑크 장미 101송이 배달
19,51 розовая роза в белой упаковке,51-rozovaya-roza-v-upakovke,img/products/51-rozovaya-roza-v-upakovke/1.webp,51 розовая роза в белой упаковке Нячанг доставка,"нежный букет из 51 пионовидной розовой розы в белой упаковке — романтичный подарок, доставка по Нячангу со следующего дня",1 000 000 донгов,≈ $40 · 3 700 ₽,51 розовая роза в белой упаковке,51 pink roses in white wrap,"a tender bouquet of 51 peony-style pink roses in white wrapping — a romantic gift, online delivery from the next day in Nha Trang",51 pink roses in white wrap delivery Nha Trang,화이트 포장 핑크 장미 51송이,"부드러운 화이트 포장의 51송이 피오니 핑크 장미 — 로맨틱한 선물, 나트랑 주문 다음 날부터 배달",나트랑 화이트 포장 핑크 장미 51송이 배달
20,Набор шаров S (7 шаров),nabor-sharov-s-7-sharov,img/products/nabor-sharov-s-7-sharov/1.webp,Набор шаров S Нячанг доставка,"гелиевый набор S из 7 фольгированных шаров — радужный круг Happy Birthday, золотые сердце и звезда, синие звёзды и сердце, голубая звезда — яркий сюрприз на день рождения, доставим по Нячангу",1 000 000 донгов,≈ $40 · 3 700 ₽,Набор шаров S (7 шаров),Balloon set S (7 balloons),"a helium set S of 7 foil balloons — a rainbow Happy Birthday round, gold heart and star, blue stars and heart, light-blue star — a bright birthday surprise, delivered across Nha Trang",Balloon set S delivery Nha Trang,풍선 세트 S (7개),"7개 호일 풍선 헬륨 세트 S — 레인보우 Happy Birthday 라운드, 골드 하트·별, 블루 별·하트, 라이트블루 별 — 화사한 생일 서프라이즈, 나트랑 배달",나트랑 풍선 세트 S 배달
21,25 розовых роз в белой упаковке,25-rozovyh-roz-v-upakovke,img/products/25-rozovyh-roz-v-upakovke/1.webp,25 розовых роз в белой упаковке Нячанг доставка,"нежный букет из 25 розовых роз в белой упаковке — трогательный подарок на любой повод, доставка по Нячангу со следующего дня",500 000 донгов,≈ $20 · 1 900 ₽,25 розовых роз в белой упаковке,25 pink roses in white wrap,"a tender bouquet of 25 pink roses in white wrapping — a touching gift for any occasion, online delivery from the next day in Nha Trang",25 pink roses in white wrap delivery Nha Trang,화이트 포장 핑크 장미 25송이,"부드러운 화이트 포장의 핑크 장미 25송이 — 어떤 자리에도 어울리는 선물, 나트랑 주문 다음 날부터 배달",나트랑 화이트 포장 핑크 장미 25송이 배달
22,101 белая роза + набор шаров М,101-belaya-roza-i-nabor-sharov-m,img/products/101-belaya-roza-i-nabor-sharov-m/1.webp,101 белая роза и набор шаров М Нячанг доставка,"101 белая роза в нежной белой упаковке плюс гелиевый набор шаров М с двумя большими цифрами и фигурными шарами — эффектный сюрприз на день рождения, доставка по Нячангу со следующего дня",3 000 000 донгов,≈ $120 · 11 000 ₽,101 белая роза + набор шаров М,101 white roses + balloon set M,"101 white roses in soft white wrapping plus a helium balloon set M with two large numbers and shaped balloons — a stunning birthday surprise, online delivery from the next day in Nha Trang",101 white roses and balloon set M delivery Nha Trang,화이트 장미 101송이 + 풍선 세트 M,"부드러운 화이트 포장의 흰 장미 101송이와 대형 숫자·모양 풍선이 있는 헬륨 풍선 세트 M — 생일을 위한 화려한 서프라이즈, 나트랑 주문 다음 날부터 배달",나트랑 화이트 장미 101송이와 풍선 세트 M 배달
23,51 красная роза в белой упаковке и 2 букета по 25 розовых роз в белой упаковке,51-krasnaya-i-2-buketa-25-rozovyh-roz,img/products/51-krasnaya-i-2-buketa-25-rozovyh-roz/1.webp,51 красная роза и 2 букета розовых роз Нячанг доставка,"51 красная роза в белой упаковке плюс два букета по 25 розовых роз в белой упаковке — три букета одним заказом, эффектный подарок на любой повод, доставка по Нячангу со следующего дня",2 000 000 донгов,≈ $80 · 7 300 ₽,51 красная роза в белой упаковке и 2 букета по 25 розовых роз в белой упаковке,51 red roses in white wrap and 2 bouquets of 25 pink roses,"51 red roses in white wrapping plus two bouquets of 25 pink roses each — three bouquets in one order, a striking gift for any occasion, online delivery from the next day in Nha Trang",51 red roses and 2 pink rose bouquets delivery Nha Trang,화이트 포장 레드 장미 51송이와 핑크 장미 25송이 부케 2개,"화이트 포장의 레드 장미 51송이와 핑크 장미 25송이 부케 2개 — 한 번에 세 다발, 어떤 자리에도 어울리는 화려한 선물, 나트랑 주문 다음 날부터 배달",나트랑 레드 장미 51송이와 핑크 장미 부케 2개 배달
24,101 фиолетовая роза в фиолетовой упаковке,101-fioletovaya-roza-v-upakovke,img/products/101-fioletovaya-roza-v-upakovke/1.webp,101 фиолетовая роза в фиолетовой упаковке Нячанг доставка,"роскошный букет из 101 фиолетовой розы в фиолетовой упаковке — эффектный и необычный подарок, доставка по Нячангу со следующего дня",1 500 000 донгов,≈ $60 · 5 500 ₽,101 фиолетовая роза в фиолетовой упаковке,101 purple roses in purple wrap,"a lavish bouquet of 101 purple roses in purple wrapping — a striking and unusual gift, online delivery from the next day in Nha Trang",101 purple roses in purple wrap delivery Nha Trang,퍼플 포장 보라 장미 101송이,"보라색 포장의 보라 장미 101송이 화려한 꽃다발 — 독특하고 인상적인 선물, 나트랑 주문 다음 날부터 배달",나트랑 보라 장미 101송이 퍼플 포장 배달
25,51 белая роза в белой упаковке,51-belaya-roza-v-upakovke,img/products/51-belaya-roza-v-upakovke/1.webp,51 белая роза в белой упаковке Нячанг доставка,"элегантный букет из 51 белой розы в белой упаковке — классический и нежный подарок на любой повод, доставка по Нячангу со следующего дня",1 000 000 донгов,≈ $40 · 3 700 ₽,51 белая роза в белой упаковке,51 white roses in white wrap,"an elegant bouquet of 51 white roses in white wrapping — a classic and tender gift for any occasion, online delivery from the next day in Nha Trang",51 white roses in white wrap delivery Nha Trang,화이트 포장 흰 장미 51송이,"화이트 포장의 흰 장미 51송이 우아한 꽃다발 — 어떤 자리에도 어울리는 클래식하고 부드러운 선물, 나트랑 주문 다음 날부터 배달",나트랑 화이트 포장 흰 장미 51송이 배달
26,51 пионовидная розовая роза в белой упаковке,51-pionovidnaya-rozovaya-roza-v-upakovke,img/products/51-pionovidnaya-rozovaya-roza-v-upakovke/1.webp,51 пионовидная розовая роза в белой упаковке Нячанг доставка,"пышный букет из 51 пионовидной розовой розы в нежной белой упаковке — романтичный подарок на любой повод, доставка по Нячангу со следующего дня",1 000 000 донгов,≈ $40 · 3 700 ₽,51 пионовидная розовая роза в белой упаковке,51 garden pink roses in white wrap,"a lush bouquet of 51 peony-style pink roses in soft white wrapping — a romantic gift for any occasion, online delivery from the next day in Nha Trang",51 garden pink roses in white wrap delivery Nha Trang,화이트 포장 피오니 핑크 장미 51송이,"부드러운 화이트 포장의 피오니형 핑크 장미 51송이 풍성한 꽃다발 — 어떤 자리에도 어울리는 로맨틱한 선물, 나트랑 주문 다음 날부터 배달",나트랑 화이트 포장 피오니 핑크 장미 51송이 배달
27,51 фиолетовая роза в белой упаковке,51-fioletovaya-roza-v-upakovke,img/products/51-fioletovaya-roza-v-upakovke/1.webp,51 фиолетовая роза в белой упаковке Нячанг доставка,"изысканный букет из 51 фиолетовой розы в белой упаковке — редкий цвет, который сразу выделяется, эффектный подарок на годовщину или признание, доставка по Нячангу со следующего дня",1 000 000 донгов,≈ $40 · 3 700 ₽,51 фиолетовая роза в белой упаковке,51 violet roses in white wrap,"a refined bouquet of 51 violet roses in white wrapping — a rare colour that stands out at once, a striking gift for an anniversary or a heartfelt confession, online delivery from the next day in Nha Trang",51 violet roses in white wrap delivery Nha Trang,화이트 포장 보라 장미 51송이,"화이트 포장의 보라 장미 51송이 세련된 꽃다발 — 단번에 시선을 끄는 희귀한 컬러, 기념일이나 고백을 위한 인상적인 선물, 나트랑 주문 다음 날부터 배달",나트랑 화이트 포장 보라 장미 51송이 배달
28,Яркий набор S (7 фольгированных шаров),yarkiy-nabor-sharov-s,img/products/yarkiy-nabor-sharov-s/1.webp,Яркий набор S 7 фольгированных шаров Нячанг доставка,"яркий набор из 7 фольгированных шаров — звёзды, сердца и круг Happy Birthday в гелии, готовая фотозона на день рождения, доставка по Нячангу со следующего дня",1 000 000 донгов,≈ $40 · 3 700 ₽,Яркий набор S (7 фольгированных шаров),Bright balloon set S (7 foil balloons),"a bright set of 7 foil balloons — stars, hearts and a Happy Birthday round in helium, a ready-made photo zone for a birthday, online delivery from the next day in Nha Trang",Bright balloon set S 7 foil balloons delivery Nha Trang,화사한 풍선 세트 S (호일 풍선 7개),"별·하트·Happy Birthday 원형으로 구성된 7개의 호일 풍선 화사한 세트 — 생일 포토존을 완성하는 헬륨 풍선, 나트랑 주문 다음 날부터 배달",나트랑 호일 풍선 세트 S 7개 배달
29,101 розовая роза в корзине с буквой «К»,101-rozovyh-roz-korzina-bukva-k,img/products/101-rozovyh-roz-korzina-bukva-k/1.webp,101 розовая роза в корзине с буквой К Нячанг доставка,101 розовая роза в корзине с буквой «К» из белых роз в центре — эффектный именной подарок,2 500 000 донгов,≈ $100 · 9 100 ₽,101 розовая роза в корзине с буквой «К»,101 pink roses in a basket with letter K,a basket of 101 pink roses with the letter K of white roses in the centre — a striking personalised gift,101 pink roses basket letter K Nha Trang delivery,바구니 핑크 장미 101송이 — 흰 장미 K,가운데 흰 장미로 만든 K가 있는 바구니 핑크 장미 101송이 — 특별한 맞춤 선물,나트랑 바구니 핑크 장미 101송이 K 배달
30,51 коралловая роза в белой упаковке,51-korallovaya-roza-v-upakovke,img/products/51-korallovaya-roza-v-upakovke/1.webp,51 коралловая роза в белой упаковке Нячанг доставка,"нежный букет из 51 коралловой розы в белой упаковке — тёплый персиково-коралловый оттенок, эффектный подарок на любой повод, доставка по Нячангу со следующего дня",1 000 000 донгов,≈ $40 · 3 700 ₽,51 коралловая роза в белой упаковке,51 coral roses in white wrap,"a tender bouquet of 51 coral roses in white wrapping — a warm peach-coral shade, a striking gift for any occasion, online delivery from the next day in Nha Trang",51 coral roses in white wrap Nha Trang delivery,화이트 포장 코랄 장미 51송이,"화이트 포장의 코랄 장미 51송이 부드러운 꽃다발 — 따뜻한 피치-코랄 색감, 어떤 자리에도 어울리는 화려한 선물, 나트랑 주문 다음 날부터 배달",나트랑 화이트 포장 코랄 장미 51송이 배달
31,Нежный сборный букет в белой упаковке,nezhnyy-sbornyy-buket-v-upakovke,img/products/nezhnyy-sbornyy-buket-v-upakovke/1.webp,Нежный сборный букет в белой упаковке Нячанг доставка,"нежный сборный букет из розовых и белых цветов в белой упаковке — пионовидные розы, эустома и зелень, трогательный подарок на любой повод, доставка по Нячангу со следующего дня",1 250 000 донгов,≈ $50 · 4 600 ₽,Нежный сборный букет в белой упаковке,Tender mixed bouquet in white wrap,"a tender mixed bouquet of pink and white flowers in white wrapping — peony roses, eustoma and greenery, a touching gift for any occasion, online delivery from the next day in Nha Trang",tender mixed bouquet in white wrap delivery Nha Trang,화이트 포장 부드러운 혼합 꽃다발,"화이트 포장의 핑크와 화이트 꽃으로 만든 부드러운 혼합 꽃다발 — 피오니 장미, 리시안셔스, 그린 — 어떤 자리에도 어울리는 감동적인 선물, 나트랑 주문 다음 날부터 배달",나트랑 화이트 포장 부드러운 혼합 꽃다발 배달
32,Красно-бежевый набор S (7 фольгированных шаров),krasno-bezhevyy-nabor-sharov-s,img/products/krasno-bezhevyy-nabor-sharov-s/1.webp,Красно-бежевый набор S 7 фольгированных шаров Нячанг доставка,"красно-бежевый набор из 7 фольгированных шаров — красные сердца и бежевые шары в гелии, готовая фотозона на романтический праздник, доставка по Нячангу со следующего дня",1 000 000 донгов,≈ $40 · 3 700 ₽,Красно-бежевый набор S (7 фольгированных шаров),Red & beige balloon set S (7 foil balloons),"a red and beige set of 7 foil balloons — red hearts and beige balloons in helium, a ready-made photo zone for a romantic celebration, online delivery from the next day in Nha Trang",Red and beige balloon set S 7 foil balloons delivery Nha Trang,레드-베이지 풍선 세트 S (호일 풍선 7개),"레드 하트와 베이지 풍선으로 구성된 7개의 호일 풍선 레드-베이지 세트 — 로맨틱한 기념일 포토존을 완성하는 헬륨 풍선, 나트랑 주문 다음 날부터 배달",나트랑 레드-베이지 호일 풍선 세트 S 7개 배달
33,101 красная роза в белой упаковке,101-krasnaya-roza-v-upakovke,img/products/101-krasnaya-roza-v-upakovke/1.webp,101 красная роза в белой упаковке Нячанг доставка,"роскошный букет из 101 красной розы в белой упаковке — классический и яркий подарок, доставка по Нячангу со следующего дня",1 500 000 донгов,≈ $60 · 5 500 ₽,101 красная роза в белой упаковке,101 red roses in white wrap,"a lavish bouquet of 101 red roses in white wrapping — a classic and vibrant gift, online delivery from the next day in Nha Trang",101 red roses in white wrap delivery Nha Trang,화이트 포장 레드 장미 101송이,"화이트 포장의 레드 장미 101송이 화려한 꽃다발 — 클래식하고 강렬한 선물, 나트랑 주문 다음 날부터 배달",나트랑 레드 장미 101송이 화이트 포장 배달
34,Нежный розовый сборный букет в белой упаковке,nezhnyy-rozovyy-sbornyy-buket-v-upakovke,img/products/nezhnyy-rozovyy-sbornyy-buket-v-upakovke/1.webp,Нежный розовый сборный букет в белой упаковке Нячанг доставка,"нежный розовый сборный букет из пионовидных роз и сезонных цветов в белой упаковке — романтичный подарок на любой повод, доставка по Нячангу со следующего дня",1 250 000 донгов,≈ $50 · 4 600 ₽,Нежный розовый сборный букет в белой упаковке,Tender pink mixed bouquet in white wrap,"a tender pink mixed bouquet of peony roses and seasonal flowers in white wrapping — a romantic gift for any occasion, online delivery from the next day in Nha Trang",Tender pink mixed bouquet in white wrap delivery Nha Trang,화이트 포장 부드러운 핑크 혼합 꽃다발,"화이트 포장의 피오니 장미와 제철 꽃으로 만든 부드러운 핑크 혼합 꽃다발 — 어떤 자리에도 어울리는 로맨틱한 선물, 나트랑 주문 다음 날부터 배달",나트랑 화이트 포장 부드러운 핑크 혼합 꽃다발 배달
35,151 красная роза + набор шаров M (10 сердец),151-krasnaya-roza-i-nabor-sharov-m,img/products/151-krasnaya-roza-i-nabor-sharov-m/1.webp,151 красная роза и набор шаров M Нячанг доставка,"151 красная роза в белой упаковке плюс гелиевый набор шаров M из 10 красных фольгированных сердец — эффектный романтический сюрприз, доставка по Нячангу со следующего дня",3 750 000 донгов,≈ $150 · 13 700 ₽,151 красная роза + набор шаров M (10 сердец),151 red roses + balloon set M (10 hearts),"151 red roses in white wrapping plus a helium balloon set M of 10 red foil hearts — a striking romantic surprise, online delivery from the next day in Nha Trang",151 red roses and balloon set M delivery Nha Trang,레드 장미 151송이 + 풍선 세트 M (하트 10개),"화이트 포장의 레드 장미 151송이와 빨간 호일 하트 10개로 구성된 헬륨 풍선 세트 M — 인상적인 로맨틱 서프라이즈, 나트랑 주문 다음 날부터 배달",나트랑 레드 장미 151송이와 풍선 세트 M 배달
36,Набор шаров S + 25 розовых роз в белой упаковке,25-rozovyh-roz-i-nabor-sharov-s,img/products/25-rozovyh-roz-i-nabor-sharov-s/1.webp,Набор шаров S и 25 розовых роз Нячанг доставка,"гелиевый набор шаров S и 25 розовых роз в белой упаковке — нежный праздничный комплект с фотозоной, доставка по Нячангу со следующего дня",1 500 000 донгов,≈ $60 · 5 500 ₽,Набор шаров S + 25 розовых роз в белой упаковке,Balloon set S + 25 pink roses in white wrap,"a helium balloon set S and 25 pink roses in white wrapping — a tender festive combo with a photo zone, online delivery from the next day in Nha Trang",Balloon set S and 25 pink roses delivery Nha Trang,풍선 세트 S + 핑크 장미 25송이 (화이트 포장),"헬륨 풍선 세트 S와 화이트 포장의 핑크 장미 25송이 — 포토존이 있는 부드러운 기념일 세트, 나트랑 주문 다음 날부터 배달",나트랑 풍선 세트 S와 핑크 장미 25송이 배달
37,51 нежно-розовая роза в белой упаковке,51-nezhno-rozovaya-roza-v-upakovke,img/products/51-nezhno-rozovaya-roza-v-upakovke/1.webp,51 нежно-розовая роза в белой упаковке Нячанг доставка,"нежный букет из 51 нежно-розовой розы в белой упаковке — трогательный подарок на любой повод, доставка по Нячангу со следующего дня",1 000 000 донгов,≈ $40 · 3 700 ₽,51 нежно-розовая роза в белой упаковке,51 soft pink roses in white wrap,"a tender bouquet of 51 soft pink roses in white wrapping — a touching gift for any occasion, online delivery from the next day in Nha Trang",51 soft pink roses in white wrap delivery Nha Trang,화이트 포장 연핑크 장미 51송이,"부드러운 화이트 포장의 연핑크 장미 51송이 꽃다발 — 어떤 자리에도 어울리는 감동적인 선물, 나트랑 주문 다음 날부터 배달",나트랑 화이트 포장 연핑크 장미 51송이 배달
38,Бежево-серебряный набор S (7 фольгированных шаров),bezhevo-serebryanyy-nabor-sharov-s,img/products/bezhevo-serebryanyy-nabor-sharov-s/1.webp,Бежево-серебряный набор S 7 фольгированных шаров Нячанг доставка,"бежево-серебряный набор из 7 фольгированных шаров — бежевые шары, серебряные звёзды и сердце, круг Happy Birthday в гелии, готовая фотозона на праздник, доставка по Нячангу со следующего дня",1 000 000 донгов,≈ $40 · 3 700 ₽,Бежево-серебряный набор S (7 фольгированных шаров),Beige & silver balloon set S (7 foil balloons),"a beige and silver set of 7 foil balloons — beige orbs, silver stars and heart, a Happy Birthday round in helium, a ready-made photo zone for a celebration, online delivery from the next day in Nha Trang",Beige and silver balloon set S 7 foil balloons delivery Nha Trang,베이지-실버 풍선 세트 S (호일 풍선 7개),"베이지 풍선, 실버 별과 하트, Happy Birthday 원형으로 구성된 7개의 호일 풍선 베이지-실버 세트 — 파티 포토존을 완성하는 헬륨 풍선, 나트랑 주문 다음 날부터 배달",나트랑 베이지-실버 호일 풍선 세트 S 7개 배달
39,25 розово-персиковых роз в белой упаковке,25-rozovo-persikovyh-roz-v-upakovke,img/products/25-rozovo-persikovyh-roz-v-upakovke/1.webp,25 розово-персиковых роз в белой упаковке Нячанг доставка,"нежный букет из 25 розово-персиковых роз в белой упаковке — изысканный подарок на любой повод, доставка по Нячангу со следующего дня",500 000 донгов,≈ $20 · 1 900 ₽,25 розово-персиковых роз в белой упаковке,25 pink-peach roses in white wrap,"an elegant bouquet of 25 pink-peach roses in white wrapping — a refined gift for any occasion, online delivery from the next day in Nha Trang",25 pink-peach roses in white wrap delivery Nha Trang,화이트 포장 핑크피치 장미 25송이,"부드러운 화이트 포장의 핑크피치 장미 25송이 — 어떤 자리에도 어울리는 우아한 선물, 나트랑 주문 다음 날부터 배달",나트랑 화이트 포장 핑크피치 장미 25송이 배달
40,Набор шаров М (10 красных сердец),nabor-sharov-m-10-serdec,img/products/nabor-sharov-m-10-serdec/1.webp,Набор шаров М 10 красных сердец Нячанг доставка,"гелиевый набор М из 10 красных фольгированных сердец — яркий романтический сюрприз на праздник, доставка по Нячангу со следующего дня",1 500 000 донгов,≈ $60 · 5 500 ₽,Набор шаров М (10 красных сердец),Balloon set M (10 red hearts),"a helium set M of 10 red foil hearts — a bright romantic surprise for a celebration, online delivery from the next day in Nha Trang",Balloon set M 10 red hearts delivery Nha Trang,풍선 세트 M (빨간 하트 10개),"빨간 호일 하트 10개로 구성된 헬륨 세트 M — 기념일을 위한 화사한 로맨틱 서프라이즈, 나트랑 주문 다음 날부터 배달",나트랑 풍선 세트 M 빨간 하트 10개 배달
41,51 насыщенная розовая роза в белой упаковке,51-nasyshchennaya-rozovaya-roza-v-upakovke,img/products/51-nasyshchennaya-rozovaya-roza-v-upakovke/1.webp,51 насыщенная розовая роза в белой упаковке Нячанг доставка,"пышный букет из 51 насыщенной розовой розы в белой упаковке — яркий и эффектный подарок на любой повод, доставка по Нячангу со следующего дня",1 000 000 донгов,≈ $40 · 3 700 ₽,51 насыщенная розовая роза в белой упаковке,51 vivid pink roses in white wrap,"a lush bouquet of 51 vivid pink roses in white wrapping — a bright and striking gift for any occasion, online delivery from the next day in Nha Trang",51 vivid pink roses in white wrap delivery Nha Trang,화이트 포장 진한 핑크 장미 51송이,"화이트 포장의 진한 핑크 장미 51송이 풍성한 꽃다발 — 어떤 자리에도 어울리는 화사하고 강렬한 선물, 나트랑 주문 다음 날부터 배달",나트랑 화이트 포장 진한 핑크 장미 51송이 배달
42,Набор шаров S (7 красных сердец) + 25 красных роз,nabor-sharov-s-7-serdec-25-roz,img/products/nabor-sharov-s-7-serdec-25-roz/1.webp,Набор шаров S 7 красных сердец и 25 красных роз Нячанг доставка,"гелиевый набор S из 7 красных фольгированных сердец и 25 красных роз в белой упаковке — романтический комплект с готовой фотозоной, доставка по Нячангу со следующего дня",1 500 000 донгов,≈ $60 · 5 500 ₽,Набор шаров S (7 красных сердец) + 25 красных роз,Balloon set S (7 red hearts) + 25 red roses,"a helium set S of 7 red foil hearts and 25 red roses in white wrapping — a romantic combo with a ready-made photo zone, online delivery from the next day in Nha Trang",Balloon set S 7 red hearts and 25 red roses delivery Nha Trang,풍선 세트 S (빨간 하트 7개) + 빨간 장미 25송이,"7개의 빨간 호일 하트와 화이트 포장의 빨간 장미 25송이로 구성된 헬륨 세트 S — 포토존이 있는 로맨틱 세트, 나트랑 주문 다음 날부터 배달",나트랑 풍선 세트 S 빨간 하트 7개와 빨간 장미 25송이 배달
43,51 нежно-розовая роза в белой упаковке с розовой лентой,51-nezhno-rozovaya-roza-rozovaya-lenta,img/products/51-nezhno-rozovaya-roza-rozovaya-lenta/1.webp,51 нежно-розовая роза в белой упаковке с розовой лентой Нячанг доставка,"нежный букет из 51 нежно-розовой розы в белой упаковке с розовой лентой — романтичный и трогательный подарок на любой повод, доставка по Нячангу со следующего дня",1 000 000 донгов,≈ $40 · 3 700 ₽,51 нежно-розовая роза в белой упаковке с розовой лентой,51 soft pink roses in white wrap with a pink ribbon,"a tender bouquet of 51 soft pink roses in white wrapping with a pink ribbon — a romantic and touching gift for any occasion, online delivery from the next day in Nha Trang",51 soft pink roses in white wrap with pink ribbon delivery Nha Trang,핑크 리본 화이트 포장 연핑크 장미 51송이,"핑크 리본을 더한 화이트 포장의 연핑크 장미 51송이 부드러운 꽃다발 — 어떤 자리에도 어울리는 로맨틱하고 감동적인 선물, 나트랑 주문 다음 날부터 배달",나트랑 핑크 리본 화이트 포장 연핑크 장미 51송이 배달
44,Стильная сборная корзина в нежно-розовых оттенках,stilnaya-korzina-rozovaya,img/products/stilnaya-korzina-rozovaya/1.webp,Стильная сборная корзина в нежно-розовых оттенках Нячанг доставка,"стильная сборная корзина в нежно-розовых оттенках — пионовидные розы и сезонные цветы в плетёной корзине, эффектный подарок на любой повод, доставка по Нячангу со следующего дня",2 000 000 донгов,≈ $80 · 7 300 ₽,Стильная сборная корзина в нежно-розовых оттенках,Stylish mixed basket in soft pink tones,"a stylish mixed basket in soft pink tones — peony roses and seasonal flowers in a woven basket, a striking gift for any occasion, online delivery from the next day in Nha Trang",Stylish mixed basket in soft pink tones delivery Nha Trang,연핑크 톤의 세련된 혼합 바구니,"연핑크 톤의 세련된 혼합 바구니 — 피오니 장미와 제철 꽃을 엮은 바구니에 담아, 어떤 자리에도 어울리는 화려한 선물, 나트랑 주문 다음 날부터 배달",나트랑 연핑크 톤 세련된 혼합 바구니 배달
45,51 бело-розовая роза в розовой упаковке,51-belo-rozovaya-roza-rozovaya-upakovka,img/products/51-belo-rozovaya-roza-rozovaya-upakovka/1.webp,51 бело-розовая роза в розовой упаковке Нячанг доставка,"нежный букет из 51 бело-розовой розы в розовой упаковке — романтичный и трогательный подарок на любой повод, доставка по Нячангу со следующего дня",1 000 000 донгов,≈ $40 · 3 700 ₽,51 бело-розовая роза в розовой упаковке,51 white-pink roses in pink wrap,"a tender bouquet of 51 white-pink roses in pink wrapping — a romantic and touching gift for any occasion, online delivery from the next day in Nha Trang",51 white-pink roses in pink wrap delivery Nha Trang,핑크 포장 화이트핑크 장미 51송이,"핑크 포장의 화이트핑크 장미 51송이 부드러운 꽃다발 — 어떤 자리에도 어울리는 로맨틱하고 감동적인 선물, 나트랑 주문 다음 날부터 배달",나트랑 핑크 포장 화이트핑크 장미 51송이 배달
46,101 розовая роза в корзине + набор шаров М (10 красных сердец),101-rozovaya-roza-korzina-nabor-sharov-m,img/products/101-rozovaya-roza-korzina-nabor-sharov-m/1.webp,101 розовая роза в корзине и набор шаров М Нячанг доставка,"101 розовая роза в плетёной корзине плюс гелиевый набор шаров М из 10 красных фольгированных сердец — эффектный романтический сюрприз, доставка по Нячангу со следующего дня",3 500 000 донгов,≈ $140 · 12 800 ₽,101 розовая роза в корзине + набор шаров М (10 красных сердец),101 pink roses in a basket + balloon set M (10 red hearts),"101 pink roses in a woven basket plus a helium balloon set M of 10 red foil hearts — a striking romantic surprise, online delivery from the next day in Nha Trang",101 pink roses basket and balloon set M delivery Nha Trang,바구니 핑크 장미 101송이 + 풍선 세트 M (빨간 하트 10개),"바구니에 담은 핑크 장미 101송이와 빨간 호일 하트 10개로 구성된 헬륨 풍선 세트 M — 인상적인 로맨틱 서프라이즈, 나트랑 주문 다음 날부터 배달",나트랑 바구니 핑크 장미 101송이와 풍선 세트 M 배달
47,Набор шаров S (2 большие цифры + 10 резиновых гелиевых шаров),nabor-sharov-s-2-cifry-10-sharov,img/products/nabor-sharov-s-2-cifry-10-sharov/1.webp,Набор шаров S 2 большие цифры и 10 гелиевых шаров Нячанг доставка,"гелиевый набор S из 2 больших фольгированных цифр и 10 резиновых шаров — яркий сюрприз на день рождения, соберём с вашими цифрами, доставка по Нячангу со следующего дня",1 700 000 донгов,≈ $68 · 6 200 ₽,Набор шаров S (2 большие цифры + 10 резиновых гелиевых шаров),Balloon set S (2 large numbers + 10 latex helium balloons),"a helium set S of 2 large foil numbers and 10 latex balloons — a bright birthday surprise, made with your numbers, online delivery from the next day in Nha Trang",Balloon set S 2 large numbers and 10 helium balloons delivery Nha Trang,풍선 세트 S (대형 숫자 2개 + 라텍스 헬륨 풍선 10개),"대형 호일 숫자 2개와 라텍스 풍선 10개로 구성된 헬륨 세트 S — 원하는 숫자로 제작하는 화사한 생일 서프라이즈, 나트랑 주문 다음 날부터 배달",나트랑 풍선 세트 S 대형 숫자 2개와 헬륨 풍선 10개 배달
48,151 красная роза + набор шаров S (7 фольгированных шаров),151-krasnaya-roza-i-nabor-sharov-s-7-sharov,img/products/151-krasnaya-roza-i-nabor-sharov-s-7-sharov/1.webp,151 красная роза и набор шаров S Нячанг доставка,"151 красная роза в белой упаковке плюс гелиевый набор шаров S из 7 фольгированных шаров (сердца и звёзды с надписью Happy Birthday) — эффектный романтический подарок на день рождения, доставка по Нячангу со следующего дня",3 250 000 донгов,≈ $130 · 11 900 ₽,151 красная роза + набор шаров S (7 фольгированных шаров),151 red roses + balloon set S (7 foil balloons),"151 red roses in white wrapping plus a helium balloon set S of 7 foil balloons (hearts and stars with a Happy Birthday print) — a striking romantic birthday gift, online delivery from the next day in Nha Trang",151 red roses and balloon set S delivery Nha Trang,레드 장미 151송이 + 풍선 세트 S (호일 풍선 7개),"화이트 포장의 레드 장미 151송이와 Happy Birthday 문구가 있는 하트·별 모양 호일 풍선 7개로 구성된 헬륨 풍선 세트 S — 인상적인 로맨틱 생일 선물, 나트랑 주문 다음 날부터 배달",나트랑 레드 장미 151송이와 풍선 세트 S 배달
49,101 белая роза в розовой упаковке,101-belaya-roza-v-rozovoy-upakovke,img/products/101-belaya-roza-v-rozovoy-upakovke/1.webp,101 белая роза в розовой упаковке Нячанг доставка,"роскошный букет из 101 белой пионовидной розы в нежной розовой упаковке — элегантный и трогательный подарок на любой повод, доставка по Нячангу со следующего дня",1 500 000 донгов,≈ $60 · 5 500 ₽,101 белая роза в розовой упаковке,101 white roses in pink wrap,"a lavish bouquet of 101 peony-style white roses in soft pink wrapping — an elegant and touching gift for any occasion, online delivery from the next day in Nha Trang",101 white roses in pink wrap delivery Nha Trang,핑크 포장 화이트 장미 101송이,"핑크 포장의 101송이 피오니형 화이트 장미 화려한 꽃다발 — 어떤 자리에도 어울리는 우아하고 감동적인 선물, 나트랑 주문 다음 날부터 배달",나트랑 핑크 포장 화이트 장미 101송이 배달
50,51 малиновая роза в белой упаковке + 41 красная роза в белой упаковке,51-malinovaya-i-41-krasnaya-roza-v-upakovke,img/products/51-malinovaya-i-41-krasnaya-roza-v-upakovke/1.webp,51 малиновая и 41 красная роза в белой упаковке Нячанг доставка,"51 малиновая роза в белой упаковке и 41 красная роза в белой упаковке — два пышных букета одним заказом, эффектный и романтичный подарок на любой повод, доставка по Нячангу со следующего дня",1 800 000 донгов,≈ $72 · 6 600 ₽,51 малиновая роза в белой упаковке + 41 красная роза в белой упаковке,51 raspberry roses + 41 red roses in white wrap,"51 raspberry-pink roses in white wrapping and 41 red roses in white wrapping — two lush bouquets in one order, a striking and romantic gift for any occasion, online delivery from the next day in Nha Trang",51 raspberry and 41 red roses in white wrap delivery Nha Trang,라즈베리 장미 51송이 + 레드 장미 41송이 (화이트 포장),"화이트 포장의 라즈베리핑크 장미 51송이와 레드 장미 41송이 — 한 번에 두 다발, 어떤 자리에도 어울리는 화려하고 로맨틱한 선물, 나트랑 주문 다음 날부터 배달",나트랑 화이트 포장 라즈베리 장미 51송이와 레드 장미 41송이 배달
51,25 белых роз в белой упаковке с розовой лентой,25-belyh-roz-rozovaya-lenta,img/products/25-belyh-roz-rozovaya-lenta/1.webp,25 белых роз в белой упаковке с розовой лентой Нячанг доставка,"нежный букет из 25 белых роз в белой упаковке с розовой лентой — трогательный и элегантный подарок на любой повод, доставка по Нячангу со следующего дня",500 000 донгов,≈ $20 · 1 900 ₽,25 белых роз в белой упаковке с розовой лентой,25 white roses in white wrap with a pink ribbon,"a tender bouquet of 25 white roses in white wrapping with a pink ribbon — an elegant and touching gift for any occasion, online delivery from the next day in Nha Trang",25 white roses in white wrap with pink ribbon delivery Nha Trang,핑크 리본 화이트 포장 흰 장미 25송이,"핑크 리본을 더한 화이트 포장의 흰 장미 25송이 부드러운 꽃다발 — 어떤 자리에도 어울리는 우아하고 감동적인 선물, 나트랑 주문 다음 날부터 배달",나트랑 핑크 리본 화이트 포장 흰 장미 25송이 배달
52,Шоколадный торт с долларами на 5 человек,tort-shokoladnyy-s-dollarami,img/products/tort-shokoladnyy-s-dollarami/1.webp,Шоколадный торт с долларами Нячанг доставка,"шоколадный торт с эффектным денежным декором — купюры, золотые «100», сердца и шоколадные звёзды; на 5 человек, в комплекте пластиковые тарелочки, вилки и ножи, всё в красивой коробке — удобно доставить и подарить",500 000 донгов,≈ $20 · 1 900 ₽,Шоколадный торт с долларами на 5 человек,Chocolate money cake for 5,"a chocolate cake with a striking money theme — banknotes, golden hundreds, hearts and chocolate stars; serves 5, comes with plates, forks and knives, all in a beautiful box — easy to deliver and gift",Chocolate money cake delivery Nha Trang,머니 초콜릿 케이크 (5인용),"달러 지폐, 골드 100, 하트, 초콜릿 별로 장식한 화려한 초콜릿 케이크 — 5인용, 접시·포크·나이프 포함, 예쁜 상자에 담겨 배달과 선물 모두 편리",나트랑 머니 초콜릿 케이크 배달
53,Пирожное с кремовыми розами,tort-pirozhnoe-s-kremovymi-rozami,img/products/tort-pirozhnoe-s-kremovymi-rozami/1.webp,Пирожное с кремовыми розами Нячанг доставка,"нежное мини-пирожное со сливочным кремом и шоколадными полосками, украшено кремовыми розами; порция на одного, в комплекте ложечка, всё в аккуратной коробке — красиво и удобно",100 000 донгов,≈ $4 · 400 ₽,Пирожное с кремовыми розами,Mini cake with cream roses,"a delicate mini cake with cream and chocolate stripes, topped with buttercream roses; a single portion, comes with a spoon, in a neat box — pretty and convenient",Mini cake with cream roses delivery Nha Trang,크림 장미 미니 케이크,"생크림과 초콜릿 줄무늬에 버터크림 장미를 올린 미니 케이크 — 1인용, 스푼 포함, 깔끔한 상자에 담겨 예쁘고 편리",나트랑 크림 장미 미니 케이크 배달
54,101 красная роза в белой упаковке с красной лентой,101-krasnaya-roza-krasnaya-lenta,img/products/101-krasnaya-roza-krasnaya-lenta/1.webp,101 красная роза в белой упаковке с красной лентой Нячанг доставка,"роскошный букет из 101 красной розы в белой упаковке с красной лентой — классический и яркий подарок на любой повод, доставка по Нячангу со следующего дня",1 500 000 донгов,≈ $60 · 5 500 ₽,101 красная роза в белой упаковке с красной лентой,101 red roses in white wrap with a red ribbon,"a lavish bouquet of 101 red roses in white wrapping with a red ribbon — a classic and vibrant gift for any occasion, online delivery from the next day in Nha Trang",101 red roses in white wrap with red ribbon delivery Nha Trang,레드 리본 화이트 포장 레드 장미 101송이,"레드 리본을 더한 화이트 포장의 레드 장미 101송이 화려한 꽃다발 — 클래식하고 강렬한 선물, 나트랑 주문 다음 날부터 배달",나트랑 레드 리본 화이트 포장 레드 장미 101송이 배달
55,Сине-серебряный набор шаров M (10 фольгированных шаров),sine-serebryanyy-nabor-sharov-m,img/products/sine-serebryanyy-nabor-sharov-m/1.webp,Сине-серебряный набор шаров M 10 фольгированных Нячанг доставка,"сине-серебряный гелиевый набор M из 10 фольгированных шаров — круглый шар Happy Birthday, синие и серебряные звёзды на стойке, стильный праздничный акцент, доставка по Нячангу со следующего дня",1 500 000 донгов,≈ $60 · 5 500 ₽,Сине-серебряный набор шаров M (10 фольгированных шаров),Blue-silver balloon set M (10 foil balloons),"a blue-and-silver helium set M of 10 foil balloons — a round Happy Birthday balloon with blue and silver stars on a stand, a stylish party accent, online delivery from the next day in Nha Trang",Blue-silver balloon set M 10 foil balloons delivery Nha Trang,블루·실버 풍선 세트 M (호일 풍선 10개),"블루·실버 헬륨 세트 M — 호일 풍선 10개 (Happy Birthday 원형 풍선과 블루·실버 별), 스탠드형, 세련된 파티 포인트, 나트랑 주문 다음 날부터 배달",나트랑 블루 실버 풍선 세트 M 호일 풍선 10개 배달
56,Яркая сборная корзина в розово-фиолетовых оттенках,yarkaya-sbornaya-korzina-rozovo-fioletovaya,img/products/yarkaya-sbornaya-korzina-rozovo-fioletovaya/1.webp,Яркая сборная корзина в розово-фиолетовых оттенках Нячанг доставка,"яркая сборная корзина в розово-фиолетовых оттенках — розовые герберы, пионовидные розы, эустома и фиолетовая хризантема в плетёной корзине с розовой лентой, эффектный подарок на любой повод, доставка по Нячангу со следующего дня",2 000 000 донгов,≈ $80 · 7 300 ₽,Яркая сборная корзина в розово-фиолетовых оттенках,Bright mixed basket in pink-purple tones,"a bright mixed basket in pink and purple tones — pink gerberas, peony roses, eustoma and purple chrysanthemums in a woven basket with a pink ribbon, a striking gift for any occasion, online delivery from the next day in Nha Trang",Bright mixed basket in pink-purple tones delivery Nha Trang,핑크·퍼플 톤의 화사한 혼합 바구니,"핑크·퍼플 톤의 화사한 혼합 바구니 — 핑크 거베라, 피오니 장미, 리시안셔스, 퍼플 국화를 핑크 리본 바구니에 담아, 어떤 자리에도 어울리는 화려한 선물, 나트랑 주문 다음 날부터 배달",나트랑 핑크·퍼플 혼합 바구니 배달
57,Набор шаров S (7 красных сердец) с посланием в конверте,nabor-sharov-s-7-krasnyh-serdec-s-poslaniem,img/products/nabor-sharov-s-7-krasnyh-serdec-s-poslaniem/1.webp,Набор шаров S 7 красных сердец с посланием Нячанг доставка,"гелиевый набор шаров S из 7 красных фольгированных сердец с посланием в конверте — эффектный романтический сюрприз на день влюблённых, годовщину или признание, доставка по Нячангу со следующего дня",1 000 000 донгов,≈ $40 · 3 700 ₽,Набор шаров S (7 красных сердец) с посланием в конверте,Balloon set S (7 red hearts) with a message in an envelope,"a helium balloon set S of 7 red foil hearts with a message in an envelope — a striking romantic surprise for Valentine's Day, an anniversary or a confession, online delivery from the next day in Nha Trang",Balloon set S 7 red hearts with a message delivery Nha Trang,풍선 세트 S (빨간 하트 7개) + 봉투 메시지,"빨간 호일 하트 7개와 봉투에 담긴 메시지로 구성된 헬륨 풍선 세트 S — 발렌타인, 기념일, 고백을 위한 인상적인 로맨틱 서프라이즈, 나트랑 주문 다음 날부터 배달",나트랑 풍선 세트 S 빨간 하트 7개 배달
58,51 красная роза в белой упаковке,51-krasnaya-roza-v-upakovke,img/products/51-krasnaya-roza-v-upakovke/1.webp,51 красная роза в белой упаковке Нячанг доставка,"пышный букет из 51 красной пионовидной розы в белой упаковке — классический и яркий подарок на любой повод, доставка по Нячангу со следующего дня",1 000 000 донгов,≈ $40 · 3 700 ₽,51 красная роза в белой упаковке,51 red roses in white wrap,"a lush bouquet of 51 red peony-style roses in white wrapping — a classic and vibrant gift for any occasion, online delivery from the next day in Nha Trang",51 red roses in white wrap delivery Nha Trang,화이트 포장 레드 장미 51송이,"화이트 포장의 51송이 레드 피오니 장미 풍성한 꽃다발 — 어떤 자리에도 어울리는 클래식하고 강렬한 선물, 나트랑 주문 다음 날부터 배달",나트랑 화이트 포장 레드 장미 51송이 배달
59,25 малиновых роз в белой упаковке,25-malinovyh-roz-v-upakovke,img/products/25-malinovyh-roz-v-upakovke/1.webp,25 малиновых роз в белой упаковке Нячанг доставка,"нежный букет из 25 малиновых пионовидных роз в белой упаковке — тёплый кораллово-малиновый оттенок, трогательный подарок на любой повод, доставка по Нячангу со следующего дня",500 000 донгов,≈ $20 · 1 900 ₽,25 малиновых роз в белой упаковке,25 raspberry roses in white wrap,"a tender bouquet of 25 raspberry-pink peony roses in white wrapping — a warm coral-raspberry shade, a touching gift for any occasion, online delivery from the next day in Nha Trang",25 raspberry roses in white wrap delivery Nha Trang,화이트 포장 라즈베리 장미 25송이,"화이트 포장의 25송이 라즈베리 피오니 장미 부드러운 꽃다발 — 따뜻한 코랄-라즈베리 색감, 어떤 자리에도 어울리는 감동적인 선물, 나트랑 주문 다음 날부터 배달",나트랑 화이트 포장 라즈베리 장미 25송이 배달
60,101 бело-розовая роза в белой упаковке,101-belo-rozovaya-roza-v-beloy-upakovke,img/products/101-belo-rozovaya-roza-v-beloy-upakovke/1.webp,101 бело-розовая роза в белой упаковке Нячанг доставка,"пышный букет из 101 двухцветной розы — кремово-белые лепестки с малиновой каймой — в белой матовой упаковке с атласной лентой; роскошный подарок на юбилей, годовщину или признание в любви, доставка по Нячангу со следующего дня",1 500 000 донгов,≈ $60 · 5 500 ₽,101 бело-розовая роза в белой упаковке,101 white-and-pink roses in white wrap,"a lush bouquet of 101 bicolor roses — cream-white petals with a raspberry-pink edge — in matte white wrapping with a satin ribbon; a luxurious gift for an anniversary, jubilee or a declaration of love, online delivery from the next day in Nha Trang",101 white-and-pink roses in white wrap delivery Nha Trang,화이트 포장 화이트-핑크 장미 101송이,"크림 화이트 꽃잎에 라즈베리 핑크 가장자리를 지닌 101송이 투톤 장미의 풍성한 꽃다발 — 새틴 리본이 있는 매트 화이트 포장; 기념일, 주년, 사랑 고백을 위한 럭셔리 선물, 나트랑 주문 다음 날부터 배달",나트랑 화이트 포장 화이트-핑크 장미 101송이 배달
61,51 персиково-розовая роза в белой упаковке,51-persikovo-rozovaya-roza-v-beloy-upakovke,img/products/51-persikovo-rozovaya-roza-v-beloy-upakovke/1.webp,51 персиково-розовая роза в белой упаковке Нячанг доставка,"пышный букет из 51 персиково-розовой пионовидной розы в белой матовой упаковке — тёплый персиковый оттенок с розовым отливом, изысканный подарок на свидание, день рождения или годовщину, доставка по Нячангу со следующего дня",1 000 000 донгов,≈ $40 · 3 700 ₽,51 персиково-розовая роза в белой упаковке,51 peach-pink roses in white wrap,"a lush bouquet of 51 peach-pink peony roses in matte white wrapping — a warm peach shade with a pink glow, an exquisite gift for a date, birthday or anniversary, online delivery from the next day in Nha Trang",51 peach-pink roses in white wrap delivery Nha Trang,화이트 포장 피치-핑크 장미 51송이,"매트 화이트 포장의 51송이 피치-핑크 피오니 장미 풍성한 꽃다발 — 핑크빛이 도는 따뜻한 피치 색감, 데이트·생일·기념일을 위한 세련된 선물, 나트랑 주문 다음 날부터 배달",나트랑 화이트 포장 피치-핑크 장미 51송이 배달
62,Кремовый торт «Love» с долларами и клубникой (5 персон),tort-love-s-dollarami-klubnika,img/products/tort-love-s-dollarami-klubnika/1.webp,кремовый торт Love с долларами и клубникой Нячанг доставка,"праздничный кремовый торт с жёлтым потёком, украшен шоколадным сердцем «Love», свежей клубникой, долькой апельсина, крендельками, шоколадными звёздами и съедобной поталью, с топперами-долларами — яркий подарок на день рождения. В комплекте нарядная коробка и одноразовые приборы (тарелки, вилки, салфетки) на 5 персон, доставка по Нячангу со следующего дня",500 000 донгов,≈ $20 · 1 900 ₽,Кремовый торт «Love» с долларами и клубникой (5 персон),'Love' cream cake with dollars and strawberries (serves 5),"a festive cream cake with a yellow drip, decorated with a chocolate 'Love' heart, fresh strawberries, a dried orange slice, pretzels, chocolate stars and edible gold leaf, topped with dollar-bill toppers — a bright birthday gift. Comes in a gift box with disposable tableware (plates, forks, napkins) for 5, online delivery from the next day in Nha Trang",'Love' cream cake with dollar toppers and strawberries Nha Trang delivery,머니 크림 케이크 'Love' (5인용),"노란 드립의 화사한 크림 케이크 — 초콜릿 'Love' 하트, 신선한 딸기, 말린 오렌지, 프레첼, 초콜릿 별, 식용 금박으로 장식하고 달러 토퍼를 올린 생일 선물. 예쁜 상자와 5인용 일회용 식기(접시·포크·냅킨) 포함, 나트랑 주문 다음 날부터 배달","달러 토퍼와 딸기 머니 크림 케이크 'Love', 나트랑 배달"
63,"Праздничный набор: шары с цифрами, 25 белых роз и торт (5 персон)",nabor-shary-cifry-25-belyh-roz-tort,img/products/nabor-shary-cifry-25-belyh-roz-tort/1.webp,праздничный набор шары с цифрами 25 белых роз торт Нячанг доставка,"большой праздничный набор для дня рождения: набор гелиевых шаров L — золотые цифры (например «39») и связка из 7 шаров с сердцами и «Happy Birthday», букет из 25 белых роз и кремовый торт в подарочной коробке с приборами на 5 персон. Эффектный сюрприз «всё в одном», доставка по Нячангу со следующего дня",3 000 000 донгов,≈ $120 · 11 000 ₽,"Праздничный набор: шары с цифрами, 25 белых роз и торт (5 персон)","Birthday set: number balloons, 25 white roses and a cake (serves 5)","a big birthday set: an L helium balloon set — gold number balloons (e.g. '39') and a bunch of 7 balloons with hearts and 'Happy Birthday', a bouquet of 25 white roses and a cream cake in a gift box with tableware for 5. A striking all-in-one surprise, online delivery from the next day in Nha Trang","birthday set with number balloons, white roses and cake, Nha Trang delivery","생일 세트: 숫자 풍선, 화이트 장미 25송이, 케이크 (5인용)","대형 생일 세트: L 헬륨 풍선 세트 — 골드 숫자 풍선(예: '39')과 하트·'Happy Birthday' 풍선 7개 묶음, 화이트 장미 25송이 꽃다발, 5인용 식기가 포함된 선물 상자 크림 케이크. 화려한 올인원 서프라이즈, 나트랑 주문 다음 날부터 배달","숫자 풍선·화이트 장미·케이크 생일 세트, 나트랑 배달"
64,Шоколадный торт «Love» с сердцами (5 персон),tort-shokoladnyy-love-serdca,img/products/tort-shokoladnyy-love-serdca/1.webp,шоколадный торт Love с сердцами Нячанг доставка,"шоколадный кремовый торт с тёмным шоколадным потёком, украшен шоколадным сердцем «Love», жёлтыми сердечками, шоколадными звёздами и ажурными пластинами, вишенкой и белыми цветами — нежный подарок на день рождения или годовщину. В комплекте подарочная коробка, свечи и одноразовые приборы на 5 персон, доставка по Нячангу со следующего дня",500 000 донгов,≈ $20 · 1 900 ₽,Шоколадный торт «Love» с сердцами (5 персон),Chocolate 'Love' cake with hearts (serves 5),"a chocolate cream cake with a dark chocolate drip, decorated with a chocolate 'Love' heart, yellow hearts, chocolate stars and lattice shards, a cherry and white flowers — a tender birthday or anniversary gift. Comes in a gift box with candles and disposable tableware for 5, online delivery from the next day in Nha Trang",chocolate 'Love' cake with hearts Nha Trang delivery,하트 초콜릿 케이크 'Love' (5인용),"다크 초콜릿 드립의 초콜릿 크림 케이크 — 초콜릿 'Love' 하트, 노란 하트, 초콜릿 별과 격자 장식, 체리, 흰 꽃으로 꾸민 생일·기념일 선물. 선물 상자, 초, 5인용 일회용 식기 포함, 나트랑 주문 다음 날부터 배달","하트 초콜릿 케이크 'Love', 나트랑 배달"
65,Подарочный набор «Красота из Вьетнама» (большой),podarochnyy-nabor-krasota-vietnama-bolshoy,img/products/podarochnyy-nabor-krasota-vietnama-bolshoy/1.webp,подарочный набор Красота из Вьетнама большой Нячанг доставка,"подарочный набор натуральной вьетнамской косметики в красивой коробке с фирменным пакетом — 11 предметов: жасминовое мыло на рисовом молочке, натуральная морская губка, кокосовое масло для лица, тела и волос, охлаждающий гель с алоэ вера для кожи вокруг глаз, кокосовый бальзам для губ, расслабляющий лавандовый бальзам, ароматное саше для белья, подвеска фэн-шуй «на достаток», ароматическая свеча, магнит и открытка с видом Нячанга. Готовый подарок «увезти Вьетнам с собой», доставка по Нячангу со следующего дня",1 000 000 донгов,≈ $40 · 3 700 ₽,Подарочный набор «Красота из Вьетнама» (большой),'Beauty of Vietnam' gift set (large),"a gift set of natural Vietnamese cosmetics in a beautiful box with a branded bag — 11 items: jasmine soap on rice milk, a natural sea sponge, coconut oil for face, body and hair, a cooling aloe vera eye gel, coconut lip balm, a relaxing lavender balm, a scented sachet, a feng shui charm for prosperity, a scented candle, a fridge magnet and a postcard with a Nha Trang view. A ready-made 'take Vietnam home' gift, online delivery from the next day in Nha Trang",'Beauty of Vietnam' large gift set Nha Trang delivery,'베트남의 아름다움' 선물 세트 (라지),"예쁜 상자와 전용 백에 담긴 베트남 천연 화장품 선물 세트 — 11종: 라이스 밀크 재스민 비누, 천연 해면 스펀지, 얼굴·바디·헤어 코코넛 오일, 알로에 베라 아이 쿨링 젤, 코코넛 립밤, 릴랙싱 라벤더 밤, 향기 사쉐, 풍수 부적, 향초, 냉장고 자석, 나트랑 엽서. '베트남을 집으로' 완성된 선물, 나트랑 주문 다음 날부터 배달","베트남의 아름다움 라지 선물 세트, 나트랑 배달"
66,Подарочный набор «Красота из Вьетнама»,podarochnyy-nabor-krasota-vietnama,img/products/podarochnyy-nabor-krasota-vietnama/1.webp,подарочный набор Красота из Вьетнама Нячанг доставка,"подарочный набор натуральной вьетнамской косметики в нарядной коробке с фирменным пакетом — 10 предметов: жасминовое мыло на рисовом молочке, натуральная морская губка, кокосовое масло, охлаждающий гель с алоэ вера для век, кокосовый бальзам для губ, расслабляющий лавандовый бальзам, ароматное саше, подвеска фэн-шуй, ароматическая свеча и магнит. Отличный подарок с натуральными средствами Вьетнама, доставка по Нячангу со следующего дня",1 000 000 донгов,≈ $40 · 3 700 ₽,Подарочный набор «Красота из Вьетнама»,'Beauty of Vietnam' gift set,"a gift set of natural Vietnamese cosmetics in an elegant box with a branded bag — 10 items: jasmine soap on rice milk, a natural sea sponge, coconut oil, a cooling aloe vera eye gel, coconut lip balm, a relaxing lavender balm, a scented sachet, a feng shui charm, a scented candle and a fridge magnet. A great gift of Vietnam's natural products, online delivery from the next day in Nha Trang",'Beauty of Vietnam' gift set Nha Trang delivery,'베트남의 아름다움' 선물 세트,"우아한 상자와 전용 백에 담긴 베트남 천연 화장품 선물 세트 — 10종: 라이스 밀크 재스민 비누, 천연 해면 스펀지, 코코넛 오일, 알로에 베라 아이 쿨링 젤, 코코넛 립밤, 릴랙싱 라벤더 밤, 향기 사쉐, 풍수 부적, 향초, 냉장고 자석. 베트남 천연 제품의 멋진 선물, 나트랑 주문 다음 날부터 배달","베트남의 아름다움 선물 세트, 나트랑 배달"
67,Подарочный набор «Кофейный вкус Вьетнама»,podarochnyy-nabor-kofeynyy-vkus-vietnama,img/products/podarochnyy-nabor-kofeynyy-vkus-vietnama/1.webp,подарочный набор Кофейный вкус Вьетнама Нячанг доставка,"подарочный набор для настоящего вьетнамского кофепития — 11 предметов: 3 сорта кофе (робуста, кули и лювак по 100 г), традиционный фин для заваривания, настоящая вьетнамская сгущёнка, пара кофейных чашек, пакетики тропического фруктового чая, шоколад с матчей, нежная вьетнамская халва из зелёных бобов, подвеска фэн-шуй «на удачу» и открытка с видом Нячанга. Заваривайте и вспоминайте отдых во Вьетнаме, доставка по Нячангу со следующего дня",1 000 000 донгов,≈ $40 · 3 700 ₽,Подарочный набор «Кофейный вкус Вьетнама»,'Coffee taste of Vietnam' gift set,"a gift set for a true Vietnamese coffee ritual — 11 items: 3 kinds of coffee (Robusta, Culi and Weasel, 100 g each), a traditional phin filter, real Vietnamese condensed milk, a pair of coffee cups, tropical fruit tea bags, matcha chocolate, tender Vietnamese mung-bean halva, a feng shui good-luck charm and a postcard with a Nha Trang view. Brew and remember your holiday in Vietnam, online delivery from the next day in Nha Trang",'Coffee taste of Vietnam' gift set Nha Trang delivery,'베트남 커피의 맛' 선물 세트,"진짜 베트남 커피를 위한 선물 세트 — 11종: 커피 3종(로부스타·쿨리·위즐 각 100g), 전통 핀 필터, 진짜 베트남 연유, 커피잔 한 쌍, 열대 과일차 티백, 말차 초콜릿, 부드러운 베트남 녹두 할바, 풍수 행운 부적, 나트랑 엽서. 내려 마시며 베트남 여행을 추억하세요, 나트랑 주문 다음 날부터 배달","베트남 커피의 맛 선물 세트, 나트랑 배달"
68,Подарочный набор «Кофейный вкус Вьетнама» (большой),podarochnyy-nabor-kofeynyy-vkus-vietnama-bolshoy,img/products/podarochnyy-nabor-kofeynyy-vkus-vietnama-bolshoy/1.webp,подарочный набор Кофейный вкус Вьетнама большой Нячанг доставка,"расширенный подарочный набор для вьетнамского кофепития — 12 предметов: 3 сорта кофе (робуста, кули и лювак по 100 г), фин для заваривания, вьетнамская сгущёнка, пара кофейных чашек, тропический фруктовый чай, шоколад с матчей, нежная халва из зелёных бобов, подвеска фэн-шуй «на удачу», магнит и открытка. Готовый подарок с частичкой Вьетнама, доставка по Нячангу со следующего дня",1 000 000 донгов,≈ $40 · 3 700 ₽,Подарочный набор «Кофейный вкус Вьетнама» (большой),'Coffee taste of Vietnam' gift set (large),"an extended gift set for a Vietnamese coffee ritual — 12 items: 3 kinds of coffee (Robusta, Culi and Weasel, 100 g each), a phin filter, Vietnamese condensed milk, a pair of coffee cups, tropical fruit tea, matcha chocolate, tender mung-bean halva, a feng shui good-luck charm, a fridge magnet and a postcard. A ready-made gift with a piece of Vietnam, online delivery from the next day in Nha Trang",'Coffee taste of Vietnam' large gift set Nha Trang delivery,'베트남 커피의 맛' 선물 세트 (라지),"베트남 커피를 위한 확장 선물 세트 — 12종: 커피 3종(로부스타·쿨리·위즐 각 100g), 핀 필터, 베트남 연유, 커피잔 한 쌍, 열대 과일차, 말차 초콜릿, 부드러운 녹두 할바, 풍수 행운 부적, 냉장고 자석, 엽서. 베트남 한 조각을 담은 완성된 선물, 나트랑 주문 다음 날부터 배달","베트남 커피의 맛 라지 선물 세트, 나트랑 배달"
69,Праздничный сборный букет + шоколадный торт (набор),prazdnichnyy-sbornyy-buket-i-shokoladnyy-tort,img/products/prazdnichnyy-sbornyy-buket-i-shokoladnyy-tort/1.webp,праздничный сборный букет и шоколадный торт Нячанг доставка,"праздничный набор: пышный сборный букет в белой упаковке (жёлто-персиковые хризантемы, гербера, эустома, ромашки, зелень) и шоколадный торт в подарочной коробке с приборами — яркий сюрприз на день рождения или любой повод, доставка по Нячангу со следующего дня",1 750 000 донгов,≈ $70 · 6 400 ₽,Праздничный сборный букет + шоколадный торт (набор),Festive mixed bouquet + chocolate cake (set),"a festive set: a lush mixed bouquet in white wrapping (yellow-and-peach chrysanthemums, gerbera, lisianthus, chamomile and greenery) and a chocolate cake in a gift box with tableware — a bright surprise for a birthday or any occasion, online delivery from the next day in Nha Trang",festive mixed bouquet and chocolate cake set Nha Trang delivery,화사한 혼합 꽃다발 + 초콜릿 케이크 (세트),"화사한 세트: 화이트 포장의 풍성한 혼합 꽃다발(노랑·피치 국화, 거베라, 리시안셔스, 카모마일, 그린)과 식기가 포함된 선물 상자 초콜릿 케이크 — 생일이나 어떤 자리에도 어울리는 화사한 서프라이즈, 나트랑 주문 다음 날부터 배달","화사한 혼합 꽃다발과 초콜릿 케이크 세트, 나트랑 배달"
70,Набор шаров S (7 красных сердец) + 25 малиновых роз,nabor-sharov-s-7-serdec-25-malinovyh-roz,img/products/nabor-sharov-s-7-serdec-25-malinovyh-roz/1.webp,набор 7 красных шаров-сердец и 25 малиновых роз Нячанг доставка,"праздничный набор: связка из 7 красных фольгированных шаров-сердец и букет из 25 малиновых пионовидных роз в белой упаковке — романтичный сюрприз на день рождения, годовщину или признание, доставка по Нячангу со следующего дня",1 500 000 донгов,≈ $60 · 5 500 ₽,Набор шаров S (7 красных сердец) + 25 малиновых роз,Balloon set S (7 red hearts) + 25 raspberry roses,"a festive set: a bunch of 7 red foil heart balloons and a bouquet of 25 raspberry peony roses in white wrapping — a romantic surprise for a birthday, anniversary or declaration of love, online delivery from the next day in Nha Trang",balloon set with 7 red hearts and 25 raspberry roses Nha Trang delivery,풍선 세트 S (레드 하트 7개) + 라즈베리 장미 25송이,"화사한 세트: 레드 포일 하트 풍선 7개 묶음과 화이트 포장의 라즈베리 피오니 장미 25송이 꽃다발 — 생일, 기념일, 사랑 고백을 위한 로맨틱 서프라이즈, 나트랑 주문 다음 날부터 배달","레드 하트 풍선 7개와 라즈베리 장미 25송이 세트, 나트랑 배달"
71,Пирожное с розовыми кремовыми цветами,tort-pirozhnoe-rozovye-kremovye-cvety,img/products/tort-pirozhnoe-rozovye-kremovye-cvety/1.webp,пирожное с розовыми кремовыми цветами Нячанг доставка,"аккуратное пирожное со взбитыми сливками и шоколадными штрихами, украшенное розовыми кремовыми цветами и зелёными листиками — нежный десерт на 1 персону, больше нашего мини-пирожного, но меньше торта. В комплекте коробка и ложечка, доставка по Нячангу со следующего дня",250 000 донгов,≈ $10 · 1 000 ₽,Пирожное с розовыми кремовыми цветами,Pastry with pink buttercream flowers,"a neat pastry with whipped cream and chocolate drizzle, decorated with pink buttercream flowers and green leaves — a tender single-serve dessert, bigger than our mini pastry but smaller than a cake. Comes in a box with a spoon, online delivery from the next day in Nha Trang",pastry with pink buttercream flowers Nha Trang delivery,핑크 버터크림 플라워 페이스트리,"생크림과 초콜릿 드리즐에 핑크 버터크림 꽃과 초록 잎으로 장식한 단정한 페이스트리 — 1인용 부드러운 디저트로, 미니 페이스트리보다 크고 케이크보다 작습니다. 상자와 스푼 포함, 나트랑 주문 다음 날부터 배달","핑크 버터크림 꽃 페이스트리, 나트랑 배달"
72,Нежный сборный букет + 25 розово-персиковых роз (набор),nezhnyy-sbornyy-buket-25-rozovo-persikovyh-roz,img/products/nezhnyy-sbornyy-buket-25-rozovo-persikovyh-roz/1.webp,нежный сборный букет и 25 розово-персиковых роз Нячанг доставка,"нежный дуэт из двух букетов в белой упаковке: пышный сборный букет из розовых гербер, хризантем, ромашек и роз + букет из 25 розово-персиковых пионовидных роз — трогательный подарок на день рождения, годовщину или без повода, доставка по Нячангу со следующего дня",1 750 000 донгов,≈ $70 · 6 400 ₽,Нежный сборный букет + 25 розово-персиковых роз (набор),Gentle mixed bouquet + 25 peach-pink roses (set),"a tender duo of two bouquets in white wrapping: a lush mixed bouquet of pink gerberas, chrysanthemums, chamomile and roses + a bouquet of 25 peach-pink peony roses — a touching gift for a birthday, anniversary or just because, online delivery from the next day in Nha Trang",gentle mixed bouquet and 25 peach-pink roses set Nha Trang delivery,부드러운 혼합 꽃다발 + 피치-핑크 장미 25송이 (세트),"화이트 포장의 두 꽃다발 듀오: 핑크 거베라·국화·카모마일·장미의 풍성한 혼합 꽃다발 + 피치-핑크 피오니 장미 25송이 꽃다발 — 생일, 기념일, 또는 이유 없이도 어울리는 감동 선물, 나트랑 주문 다음 날부터 배달","부드러운 혼합 꽃다발과 피치-핑크 장미 25송이 세트, 나트랑 배달"
73,151 розовая роза в корзине с розовой лентой,151-rozovaya-roza-korzina-rozovaya-lenta,img/products/151-rozovaya-roza-korzina-rozovaya-lenta/1.webp,151 розовая роза в корзине с розовой лентой Нячанг доставка,"роскошная корзина из 151 розовой пионовидной розы с атласной лентой — впечатляющий подарок на юбилей, годовщину, свадьбу или признание в любви; не нужна ваза, сразу на стол. Онлайн-доставка по Нячангу со следующего дня",2 750 000 донгов,≈ $110 · 10 000 ₽,151 розовая роза в корзине с розовой лентой,151 pink roses in a basket with a pink ribbon,"a luxurious basket of 151 pink peony roses with a satin ribbon — an impressive gift for a jubilee, anniversary, wedding or declaration of love; no vase needed, straight on the table. Online delivery from the next day in Nha Trang",151 pink roses in a basket with a pink ribbon Nha Trang delivery,핑크 리본 바구니 핑크 장미 151송이,"새틴 리본이 있는 151송이 핑크 피오니 장미 럭셔리 바구니 — 주년, 기념일, 결혼, 사랑 고백을 위한 인상적인 선물. 꽃병이 필요 없어 바로 테이블에. 나트랑 주문 다음 날부터 배달","핑크 리본 바구니 핑크 장미 151송이, 나트랑 배달"
74,101 белая роза в корзине с белой лентой,101-belaya-roza-korzina-belaya-lenta,img/products/101-belaya-roza-korzina-belaya-lenta/1.webp,101 белая роза в корзине с белой лентой Нячанг доставка,"роскошная корзина из 101 белой розы с атласной лентой — элегантный подарок на юбилей, годовщину, свадьбу или в знак искренних чувств; не нужна ваза, сразу на стол. Онлайн-доставка по Нячангу со следующего дня",2 000 000 донгов,≈ $80 · 7 300 ₽,101 белая роза в корзине с белой лентой,101 white roses in a basket with a white ribbon,"a luxurious basket of 101 white roses with a satin ribbon — an elegant gift for a jubilee, anniversary, wedding or as a token of sincere feelings; no vase needed, straight on the table. Online delivery from the next day in Nha Trang",101 white roses in a basket with a white ribbon Nha Trang delivery,화이트 리본 바구니 화이트 장미 101송이,"새틴 리본이 있는 101송이 화이트 장미 럭셔리 바구니 — 주년, 기념일, 결혼, 진심을 전하는 우아한 선물. 꽃병이 필요 없어 바로 테이블에. 나트랑 주문 다음 날부터 배달","화이트 리본 바구니 화이트 장미 101송이, 나트랑 배달"
75,301 розовая роза с фиолетовым оттенком в белой упаковке,301-rozovaya-roza-fioletovyy-ottenok-belaya-upakovka,img/products/301-rozovaya-roza-fioletovyy-ottenok-belaya-upakovka/1.webp,301 розовая роза с фиолетовым оттенком в белой упаковке Нячанг доставка,"гигантский букет из 301 пионовидной розы нежно-розового цвета с фиолетовым отливом в белой упаковке — впечатляющий подарок на юбилей, свадьбу или большое признание в любви. Онлайн-доставка по Нячангу со следующего дня",4 500 000 донгов,≈ $180 · 16 400 ₽,301 розовая роза с фиолетовым оттенком в белой упаковке,301 pink roses with a purple tint in white wrap,"a giant bouquet of 301 peony roses in soft pink with a purple tint in white wrapping — an impressive gift for a jubilee, wedding or a grand declaration of love. Online delivery from the next day in Nha Trang",301 pink roses with a purple tint in white wrap Nha Trang delivery,퍼플빛 도는 핑크 장미 301송이 화이트 포장,"화이트 포장의 퍼플빛이 도는 연분홍 피오니 장미 301송이 초대형 꽃다발 — 주년, 결혼, 큰 사랑 고백을 위한 압도적인 선물. 나트랑 주문 다음 날부터 배달","퍼플빛 핑크 장미 301송이 화이트 포장, 나트랑 배달"
76,301 роза с персиковым оттенком в белой упаковке,301-roza-persikovyy-ottenok-belaya-upakovka,img/products/301-roza-persikovyy-ottenok-belaya-upakovka/1.webp,301 роза с персиковым оттенком в белой упаковке Нячанг доставка,"гигантский букет из 301 пионовидной розы нежного персикового оттенка в белой упаковке — роскошный подарок на юбилей, свадьбу или большое признание в любви. Онлайн-доставка по Нячангу со следующего дня",4 500 000 донгов,≈ $180 · 16 400 ₽,301 роза с персиковым оттенком в белой упаковке,301 roses with a peach tint in white wrap,"a giant bouquet of 301 peony roses in a soft peach shade in white wrapping — a luxurious gift for a jubilee, wedding or a grand declaration of love. Online delivery from the next day in Nha Trang",301 roses with a peach tint in white wrap Nha Trang delivery,피치빛 장미 301송이 화이트 포장,"화이트 포장의 은은한 피치빛 피오니 장미 301송이 초대형 꽃다발 — 주년, 결혼, 큰 사랑 고백을 위한 럭셔리 선물. 나트랑 주문 다음 날부터 배달","피치빛 장미 301송이 화이트 포장, 나트랑 배달"
77,Шоколадный торт с фруктами в подарочной коробке,tort-shokoladnyy-s-fruktami,img/products/tort-shokoladnyy-s-fruktami/1.webp,шоколадный торт с фруктами Нячанг доставка,"нежный шоколадный торт, украшенный свежими фруктами — клубникой, виноградом и ягодами — с элегантным декором; насыщенный шоколадный вкус и сочные фрукты в одном десерте, подаётся в стильной подарочной коробке с одноразовыми приборами, готов к вручению — идеален на день рождения, годовщину или просто в подарок, доставка по Нячангу со следующего дня",500 000 донгов,≈ $20 · 1 900 ₽,Шоколадный торт с фруктами в подарочной коробке,Chocolate cake with fresh fruit in a gift box,"a tender chocolate cake decorated with fresh fruit — strawberries, grapes and berries — with an elegant topper; rich chocolate flavour and juicy fruit in one dessert, served in a stylish gift box with disposable tableware, ready to give — perfect for a birthday, anniversary or just because, online delivery from the next day in Nha Trang",chocolate cake with fresh fruit Nha Trang delivery,과일 초콜릿 케이크 (선물 상자),"신선한 과일 — 딸기, 포도, 베리 — 로 장식한 부드러운 초콜릿 케이크와 우아한 토퍼; 진한 초콜릿 맛과 상큼한 과일이 한 디저트에, 일회용 식기가 포함된 세련된 선물 상자에 담겨 바로 선물 가능 — 생일, 기념일 또는 그냥 선물로도 좋으며, 나트랑 주문 다음 날부터 배달",과일 초콜릿 케이크 나트랑 배달
78,Набор шаров S (цифры «2» и «5») + 25 розовых роз в белой упаковке,25-rozovyh-roz-i-nabor-sharov-cifry-25,img/products/25-rozovyh-roz-i-nabor-sharov-cifry-25/1.webp,набор шаров цифры 25 и 25 розовых роз Нячанг доставка,"праздничный набор на день рождения: серебристые фольгированные шары-цифры «2» и «5» и букет из 25 нежно-розовых роз в стильной белой упаковке — эффектный сюрприз «всё в одном». Шары держат объём несколько дней, розы свежие и ароматные; отличный подарок на 25-летие или юбилей с цифрой 25. Онлайн-доставка по Нячангу со следующего дня, вложим открытку по желанию",1 500 000 донгов,≈ $60 · 5 500 ₽,Набор шаров S (цифры «2» и «5») + 25 розовых роз в белой упаковке,Balloon set S (numbers '2' and '5') + 25 pink roses in white wrap,"a festive birthday set: silver foil number balloons '2' and '5' and a bouquet of 25 soft pink roses in stylish white wrapping — a striking all-in-one surprise. The balloons hold their shape for days, the roses are fresh and fragrant; a great gift for a 25th birthday or any '25' anniversary. Online delivery from the next day in Nha Trang, a card included on request",number 25 balloon set and 25 pink roses Nha Trang delivery,풍선 세트 S (숫자 '2'·'5') + 핑크 장미 25송이 (화이트 포장),"생일 축하 세트: 실버 포일 숫자 풍선 '2'와 '5', 그리고 세련된 화이트 포장의 연분홍 장미 25송이 꽃다발 — 화려한 올인원 서프라이즈. 풍선은 며칠간 모양을 유지하고 장미는 신선하고 향기롭습니다; 25번째 생일이나 '25' 기념일 선물로 제격. 나트랑 주문 다음 날부터 배달, 요청 시 카드 동봉",숫자 25 풍선 세트와 핑크 장미 25송이 나트랑 배달
79,101 розовая роза с фиолетовым оттенком в корзине,101-rozovaya-roza-fioletovyy-ottenok-korzina,img/products/101-rozovaya-roza-fioletovyy-ottenok-korzina/1.webp,101 розовая роза с фиолетовым оттенком в корзине Нячанг доставка,"роскошная корзина из 101 розы нежного розово-фиолетового оттенка — пышная объёмная композиция, которая заменит и букет, и вазу. Розы стоят во флористической губке, дольше остаются свежими и держат форму; эффектный подарок на юбилей, годовщину или большое признание. Онлайн-доставка по Нячангу со следующего дня, вложим открытку по желанию",2 000 000 донгов,≈ $80 · 7 300 ₽,101 розовая роза с фиолетовым оттенком в корзине,101 pink roses with a violet tint in a basket,"a luxurious basket of 101 roses in a soft pink-violet shade — a lush, voluminous arrangement that replaces both bouquet and vase. The roses sit in floral foam, staying fresh and holding their shape longer; a striking gift for an anniversary, jubilee or a grand declaration. Online delivery from the next day in Nha Trang, a card included on request",101 pink-violet roses in a basket Nha Trang delivery,바구니 핑크·바이올렛 장미 101송이,"은은한 핑크·바이올렛 색조의 장미 101송이 럭셔리 바구니 — 꽃다발과 화병을 대신하는 풍성하고 볼륨감 있는 구성. 장미가 플로랄 폼에 꽂혀 더 오래 신선하고 형태를 유지합니다; 기념일, 주년, 큰 고백을 위한 화려한 선물. 나트랑 주문 다음 날부터 배달, 요청 시 카드 동봉",바구니 핑크 바이올렛 장미 101송이 나트랑 배달
80,101 красная роза в чёрной упаковке,101-krasnaya-roza-chernaya-upakovka,img/products/101-krasnaya-roza-chernaya-upakovka/1.webp,101 красная роза в чёрной упаковке Нячанг доставка,"роскошный круглый букет из 101 красной розы в стильной чёрной упаковке — эффектный, статусный подарок, который говорит сам за себя. Классика для сильных чувств: признание в любви, годовщина, большой праздник. Онлайн-доставка по Нячангу со следующего дня, вложим открытку по желанию",1 500 000 донгов,≈ $60 · 5 500 ₽,101 красная роза в чёрной упаковке,101 red roses in black wrapping,"a luxurious round bouquet of 101 red roses in stylish black wrapping — a striking, statement gift that speaks for itself. A classic for strong feelings: a declaration of love, an anniversary, a big celebration. Online delivery from the next day in Nha Trang, a card included on request",101 red roses in black wrapping Nha Trang delivery,블랙 포장 빨간 장미 101송이,"세련된 블랙 포장의 빨간 장미 101송이 럭셔리 라운드 부케 — 그 자체로 존재감을 뽐내는 강렬한 선물. 사랑 고백, 기념일, 큰 축하를 위한 클래식. 나트랑 주문 다음 날부터 배달, 요청 시 카드 동봉",블랙 포장 빨간 장미 101송이 나트랑 배달
81,151 розовая роза в корзине + набор шаров S (7 красных сердец),151-rozovaya-roza-korzina-shary-serdca,img/products/151-rozovaya-roza-korzina-shary-serdca/1.webp,151 розовая роза в корзине и набор шаров сердца Нячанг доставка,"пышная корзина из 151 нежно-розовой розы плюс связка из 7 красных фольгированных сердец — двойной подарок «цветы и шары» с максимальным вау-эффектом. Розы стоят во флористической губке, дольше держат форму; идеально на признание, годовщину, 14 февраля или большой сюрприз. Онлайн-доставка по Нячангу со следующего дня, вложим открытку по желанию",3 750 000 донгов,≈ $150 · 13 700 ₽,151 розовая роза в корзине + набор шаров S (7 красных сердец),151 pink roses in a basket + balloon set S (7 red hearts),"a lush basket of 151 soft-pink roses plus a bunch of 7 red foil hearts — a double gift of flowers and balloons with maximum wow. The roses sit in floral foam and hold their shape longer; perfect for a declaration, anniversary, Valentine's Day or a grand surprise. Online delivery from the next day in Nha Trang, a card included on request",151 pink roses basket and heart balloons Nha Trang delivery,바구니 핑크 장미 151송이 + 하트 풍선 세트 S (레드 7개),"은은한 핑크 장미 151송이 바구니에 빨간 포일 하트 7개 묶음 — 꽃과 풍선의 더블 선물, 최고의 와우. 장미는 플로랄 폼에 꽂혀 형태를 더 오래 유지합니다; 고백, 기념일, 발렌타인, 큰 서프라이즈에 완벽. 나트랑 주문 다음 날부터 배달, 요청 시 카드 동봉",바구니 핑크 장미 151송이 하트 풍선 나트랑 배달
82,101 розово-персиковая роза + набор шаров M (2 большие цифры и 3 шара),101-rozovo-persikovaya-roza-shary-cifry,img/products/101-rozovo-persikovaya-roza-shary-cifry/1.webp,101 розово-персиковая роза и набор шаров-цифр Нячанг доставка,"пышный букет из 101 розово-персиковой розы плюс набор гелиевых шаров M — две большие цифры и три шара. Готовое яркое поздравление на день рождения или юбилей: цветы и праздничные шары в одном подарке. Цифры подбираем под ваш повод. Онлайн-доставка по Нячангу со следующего дня, вложим открытку по желанию",3 000 000 донгов,≈ $120 · 11 000 ₽,101 розово-персиковая роза + набор шаров M (2 большие цифры и 3 шара),101 pink-peach roses + balloon set M (2 large number balloons and 3 balloons),"a lush bouquet of 101 pink-peach roses plus a balloon set M — two large number balloons and three balloons. A ready, vivid birthday or anniversary greeting: flowers and party balloons in one gift. We pick the numbers for your occasion. Online delivery from the next day in Nha Trang, a card included on request",101 pink-peach roses and number balloon set Nha Trang delivery,핑크·피치 장미 101송이 + 풍선 세트 M (대형 숫자 2개와 풍선 3개),"풍성한 핑크·피치 장미 101송이 부케에 헬륨 풍선 세트 M — 대형 숫자 2개와 풍선 3개. 생일이나 기념일을 위한 화사한 완성형 축하: 꽃과 파티 풍선을 한 번에. 숫자는 행사에 맞춰 준비합니다. 나트랑 주문 다음 날부터 배달, 요청 시 카드 동봉",핑크 피치 장미 101송이 숫자 풍선 세트 나트랑 배달
83,Торт с коралловыми кремовыми розами,tort-korallovye-rozy,img/products/tort-korallovye-rozy/1.webp,торт с коралловыми кремовыми розами Нячанг доставка,"нежный одноярусный торт в пудрово-розовом креме, украшенный коралловыми кремовыми розами, белой гипсофилой и жемчужным драже — романтичный и праздничный, с тёплым топпером «Best Wishes». На 5 человек. В комплекте пластиковые тарелочки, вилки и ножи. Всё в красивой коробке — удобно доставить и красиво подарить",500 000 донгов,≈ $20 · 1 900 ₽,Торт с коралловыми кремовыми розами,Cake with coral buttercream roses,"a delicate single-tier cake in powder-pink cream, decorated with coral buttercream roses, white gypsophila and pearl sprinkles — romantic and festive, with a warm Best Wishes topper. Serves 5 people. Comes with plastic plates, forks and knives. All in a beautiful box — easy to deliver and lovely to give",cake with coral buttercream roses Nha Trang delivery,코랄 버터크림 장미 케이크,"파우더 핑크 크림의 원형 싱글 케이크, 코랄 버터크림 장미와 화이트 안개꽃, 펄 스프링클로 장식 — 로맨틱하고 화사하며 Best Wishes 토퍼. 5인용. 플라스틱 접시, 포크, 나이프 포함. 예쁜 상자에 담아 배달과 선물 모두 편리",코랄 버터크림 장미 케이크 나트랑 배달
84,"Комбо: 2 букета по 101 розе, 2 по 51 розе, сборный букет и 2 связки шаров",kombo-101-i-51-rozovaya-roza-sbornyy-shary,img/products/kombo-101-i-51-rozovaya-roza-sbornyy-shary/1.webp,комбо-набор букетов роз и фольгированных шаров Нячанг доставка,"большой комбо-набор на несколько адресов или для масштабного сюрприза: два букета по 101 розе, два букета по 51 розе, авторский сборный букет и две связки по 7 фольгированных шаров. Цвета и оформление подберём под повод. Онлайн-доставка по Нячангу со следующего дня, вложим открытки по желанию",8 250 000 донгов,≈ $330 · 30 000 ₽,"Комбо: 2 букета по 101 розе, 2 по 51 розе, сборный букет и 2 связки шаров","Combo: two 101-rose bouquets, two 51-rose bouquets, a mixed bouquet and 2 balloon bunches","a large combo set for several addresses or a grand surprise: two bouquets of 101 roses, two bouquets of 51 roses, an author mixed bouquet and two bunches of 7 foil balloons each. We match colors and styling to the occasion. Online delivery from the next day in Nha Trang, cards included on request",combo set of rose bouquets and foil balloons Nha Trang delivery,"콤보: 101송이 장미 2다발, 51송이 2다발, 믹스 부케와 풍선 2묶음","여러 주소나 대규모 서프라이즈를 위한 대형 콤보 세트: 101송이 장미 2다발, 51송이 장미 2다발, 믹스 부케, 그리고 7개짜리 포일 풍선 2묶음. 색상과 연출은 상황에 맞게 준비합니다. 나트랑 주문 다음 날부터 배달, 요청 시 카드 동봉",나트랑 장미 부케와 포일 풍선 콤보 세트 배달
85,Набор Шаров M (10 фольгированных шаров в чёрно-золотых оттенках),nabor-sharov-m-cherno-zolotoy,img/products/nabor-sharov-m-cherno-zolotoy/1.webp,набор фольгированных шаров Happy Birthday чёрно-золотой Нячанг доставка,"праздничный набор из 10 фольгированных шаров в чёрно-золотых тонах: два круглых шара «Happy Birthday», золотые и синие звёзды и сердца — яркое готовое поздравление на день рождения. Шары держат объём несколько дней, эффектно смотрятся дома и на фото. Онлайн-доставка по Нячангу со следующего дня, вложим открытку по желанию",1 500 000 донгов,≈ $60 · 5 500 ₽,Набор Шаров M (10 фольгированных шаров в чёрно-золотых оттенках),Foil balloon set M (10 black & gold balloons),"a festive set of 10 foil balloons in black and gold: two round 'Happy Birthday' balloons, gold and blue stars and hearts — a bright, ready birthday greeting. The balloons hold their shape for days and look great at home and in photos. Online delivery from the next day in Nha Trang, a card included on request",black and gold Happy Birthday foil balloon set Nha Trang delivery,호일 풍선 세트 M (블랙·골드 10개),"블랙·골드 톤의 호일 풍선 10개 세트: 둥근 'Happy Birthday' 풍선 2개, 골드·블루 별과 하트 — 화사한 완성형 생일 축하. 풍선은 며칠간 모양을 유지하고 집이나 사진에서 멋지게 보입니다. 나트랑 주문 다음 날부터 배달, 요청 시 카드 동봉",블랙 골드 Happy Birthday 호일 풍선 세트 나트랑 배달
86,101 белая роза + 101 фиолетовая роза + 101 бело-розовая роза,101-belaya-fioletovaya-belo-rozovaya-roza,img/products/101-belaya-fioletovaya-belo-rozovaya-roza/1.webp,набор из трёх букетов по 101 розе белые фиолетовые бело-розовые Нячанг доставка,"роскошный набор из трёх пышных букетов по 101 розе: белые, фиолетовые и бело-розовые — 303 розы в стильной упаковке. Максимальный вау-эффект на свадьбу, юбилей, большое признание или подарок нескольким людям сразу. Розы свежие и ароматные, оформление подберём под повод. Онлайн-доставка по Нячангу со следующего дня, вложим открытку по желанию",4 500 000 донгов,≈ $180 · 16 400 ₽,101 белая роза + 101 фиолетовая роза + 101 бело-розовая роза,101 white + 101 purple + 101 pink-white roses,"a luxurious set of three lush bouquets of 101 roses each: white, purple and pink-white — 303 roses in stylish wrapping. Maximum wow for a wedding, anniversary, grand declaration or a gift for several people at once. The roses are fresh and fragrant, styling matched to the occasion. Online delivery from the next day in Nha Trang, a card included on request",set of three 101-rose bouquets white purple pink-white Nha Trang delivery,화이트 101 + 퍼플 101 + 핑크화이트 101 장미,"각 101송이 장미로 만든 풍성한 부케 3다발의 럭셔리 세트: 화이트, 퍼플, 핑크-화이트 — 총 303송이, 세련된 포장. 결혼식, 기념일, 큰 고백, 여러 사람에게 동시에 선물하기에 최고의 와우. 장미는 신선하고 향기로우며 연출은 상황에 맞게 준비합니다. 나트랑 주문 다음 날부터 배달, 요청 시 카드 동봉",화이트 퍼플 핑크화이트 101송이 장미 부케 3다발 세트 나트랑 배달
87,51 белая роза + гелиевый фольгированный шар,51-belaya-roza-i-gelievyy-shar,img/products/51-belaya-roza-i-gelievyy-shar/1.webp,51 белая роза и гелиевый фольгированный шар Happy Birthday Нячанг доставка,"пышный букет из 51 белой розы в белой упаковке плюс круглый гелиевый фольгированный шар «Happy Birthday» — готовое нарядное поздравление на день рождения. Розы свежие и ароматные, шар держит объём несколько дней. Онлайн-доставка по Нячангу со следующего дня, вложим открытку по желанию",1 150 000 донгов,≈ $46 · 4 200 ₽,51 белая роза + гелиевый фольгированный шар,51 white roses + a foil helium balloon,"a lush bouquet of 51 white roses in white wrapping plus a round 'Happy Birthday' foil helium balloon — a ready, festive birthday greeting. The roses are fresh and fragrant, the balloon holds its shape for days. Online delivery from the next day in Nha Trang, a card included on request",51 white roses and Happy Birthday foil helium balloon Nha Trang delivery,화이트 장미 51송이 + 헬륨 호일 풍선,"화이트 포장의 화이트 장미 51송이 풍성한 부케에 둥근 'Happy Birthday' 헬륨 호일 풍선 — 완성형 화사한 생일 축하. 장미는 신선하고 향기로우며 풍선은 며칠간 모양을 유지합니다. 나트랑 주문 다음 날부터 배달, 요청 시 카드 동봉",화이트 장미 51송이와 Happy Birthday 헬륨 호일 풍선 나트랑 배달
88,Голубой торт с кремовыми розами (5 персон),tort-goluboy-s-kremovymi-rozami,img/products/tort-goluboy-s-kremovymi-rozami/1.webp,голубой торт с кремовыми розами Нячанг доставка,"нежный одноярусный торт в голубом мраморном креме, украшенный венком из кремовых роз в голубых, розовых и белых тонах, белыми ромашками и веточками гипсофилы, с изящной голубой рюшевой каймой — праздничный и элегантный, на день рождения, юбилей или крестины мальчика. На 5 человек. В комплекте пластиковые тарелочки, вилки и ножи. Всё в красивой коробке — удобно доставить и красиво подарить",500 000 донгов,≈ $20 · 1 900 ₽,Голубой торт с кремовыми розами (5 персон),Blue cake with buttercream roses (serves 5),"a delicate single-tier cake in blue marble cream, decorated with a wreath of buttercream roses in blue, pink and white, white daisies and sprigs of gypsophila, with an elegant blue ruffle border — festive and refined, for a birthday, anniversary or a boy's christening. Serves 5 people. Comes with plastic plates, forks and knives. All in a beautiful box — easy to deliver and lovely to give",blue cake with buttercream roses Nha Trang delivery,블루 버터크림 장미 케이크 (5인용),"블루 마블 크림의 원형 싱글 케이크, 블루·핑크·화이트 버터크림 장미 화환과 화이트 데이지, 안개꽃 가지로 장식하고 우아한 블루 러플 테두리로 마감 — 생일, 기념일, 남자아이 백일·돌에 어울리는 화사하고 세련된 케이크. 5인용. 플라스틱 접시, 포크, 나이프 포함. 예쁜 상자에 담아 배달과 선물 모두 편리",블루 버터크림 장미 케이크 나트랑 배달
89,Готовый набор для оформления детского дня рождения девочки,nabor-prazdnik-den-rozhdeniya-devochki,img/products/nabor-prazdnik-den-rozhdeniya-devochki/1.webp,готовый набор оформление детского дня рождения девочки Нячанг доставка,"готовое праздничное оформление «под ключ» для дня рождения девочки: две стойки из бело-розовых шаров, большие розовые гелиевые цифры и парящий динозавр, 15 разноцветных шаров, надувная ромашка, детская фоторамка, гирлянда Happy Birthday, торт со свечами, 10 бенгальских огней, 10 дудочек, праздничные тарелочки и стаканчики (по 10), приборы, картонная корона и хлопушка. Привозим в пакетах с инструкцией — разворачивается за 1–2 минуты. Доставим по Нячангу",3 500 000 донгов,≈ $140 · 12 800 ₽,Готовый набор для оформления детского дня рождения девочки,Ready birthday party set — for a girl,"a complete ready-to-go birthday decoration for a girl: two white-and-pink balloon stands, large pink helium numbers and a floating dinosaur, 15 colorful balloons, an inflatable daisy, a kids photo frame, a Happy Birthday garland, a cake with candles, 10 sparklers, 10 party whistles, party plates and cups (10 each), cutlery, a paper crown and a party popper. Delivered in bags with instructions — set up in 1–2 minutes. Delivery across Nha Trang",ready kids birthday party set for a girl Nha Trang delivery,여아 생일 파티 준비 세트,"여자아이 생일을 위한 준비된 풀세트 장식: 화이트·핑크 풍선 스탠드 2개, 대형 핑크 헬륨 숫자와 떠 있는 공룡, 컬러 풍선 15개, 데이지 풍선, 아동 포토프레임, Happy Birthday 가랜드, 촛불 케이크, 스파클러 10개, 호루라기 10개, 파티 접시·컵 각 10개, 식기, 종이 왕관, 폭죽. 설명서와 함께 봉지로 배달 — 1~2분 만에 설치. 나트랑 배달",여아 생일 파티 준비 세트 나트랑 배달
90,Готовый набор для оформления детского дня рождения мальчика,nabor-prazdnik-den-rozhdeniya-malchika,img/products/nabor-prazdnik-den-rozhdeniya-malchika/1.webp,готовый набор оформление детского дня рождения мальчика Нячанг доставка,"готовое праздничное оформление «под ключ» для дня рождения мальчика: две стойки из бело-голубых шаров, большие серебристые гелиевые цифры и парящий динозавр, 15 разноцветных шаров, надувная ромашка, детская фоторамка, гирлянда Happy Birthday, торт со свечами, 10 бенгальских огней, 10 дудочек, праздничные тарелочки с машинками и стаканчики (по 10), приборы, картонная корона и хлопушка. Привозим в пакетах с инструкцией — разворачивается за 1–2 минуты. Доставим по Нячангу",3 500 000 донгов,≈ $140 · 12 800 ₽,Готовый набор для оформления детского дня рождения мальчика,Ready birthday party set — for a boy,"a complete ready-to-go birthday decoration for a boy: two white-and-blue balloon stands, large silver helium numbers and a floating dinosaur, 15 colorful balloons, an inflatable daisy, a kids photo frame, a Happy Birthday garland, a cake with candles, 10 sparklers, 10 party whistles, Cars plates and cups (10 each), cutlery, a paper crown and a party popper. Delivered in bags with instructions — set up in 1–2 minutes. Delivery across Nha Trang",ready kids birthday party set for a boy Nha Trang delivery,남아 생일 파티 준비 세트,"남자아이 생일을 위한 준비된 풀세트 장식: 화이트·블루 풍선 스탠드 2개, 대형 실버 헬륨 숫자와 떠 있는 공룡, 컬러 풍선 15개, 데이지 풍선, 아동 포토프레임, Happy Birthday 가랜드, 촛불 케이크, 스파클러 10개, 호루라기 10개, 자동차 접시·컵 각 10개, 식기, 종이 왕관, 폭죽. 설명서와 함께 봉지로 배달 — 1~2분 설치. 나트랑 배달",남아 생일 파티 준비 세트 나트랑 배달
91,Готовый набор для оформления дня рождения мужчины,nabor-prazdnik-vzroslyy-zolotaya-gamma,img/products/nabor-prazdnik-vzroslyy-zolotaya-gamma/1.webp,готовый набор оформление взрослого дня рождения чёрно-золотой Нячанг доставка,"стильное праздничное оформление «под ключ» для взрослого дня рождения в чёрно-золотой гамме: две стойки из чёрно-золотых шаров, две большие золотые гелиевые цифры, парящая золотая корона, большая надувная бутылка виски на полу, праздничный торт со свечами, тарелочки и приборы, праздничный колпак, две хлопушки и упаковка бенгальских огней. Привозим в пакетах с инструкцией — разворачивается за 1–2 минуты. Доставим по Нячангу",3 500 000 донгов,≈ $140 · 12 800 ₽,Готовый набор для оформления дня рождения мужчины,Ready birthday party set — for a man,"a stylish ready-to-go adult birthday decoration in black-and-gold: two black-and-gold balloon stands, two large gold helium numbers, a floating gold crown, a big inflatable whisky bottle on the floor, a festive cake with candles, plates and cutlery, a party hat, two poppers and a pack of sparklers. Delivered in bags with instructions — set up in 1–2 minutes. Delivery across Nha Trang",ready adult birthday party set black gold Nha Trang delivery,남성 생일 파티 준비 세트,"블랙·골드 톤의 세련된 성인 생일 준비 세트: 블랙·골드 풍선 스탠드 2개, 대형 골드 헬륨 숫자 2개, 떠 있는 골드 왕관, 바닥에 놓는 대형 위스키 병 풍선, 촛불 케이크, 접시·식기, 파티 고깔, 폭죽 2개, 스파클러 1팩. 설명서와 함께 봉지로 배달 — 1~2분 설치. 나트랑 배달",성인 생일 파티 준비 세트 블랙 골드 나트랑 배달
92,Готовый набор для оформления дня рождения девушки,nabor-prazdnik-vzroslyy-rozovyy,img/products/nabor-prazdnik-vzroslyy-rozovyy/1.webp,готовый набор оформление взрослого дня рождения розовый Нячанг доставка,"нежное праздничное оформление в розовых тонах для взрослого дня рождения: две стойки розовых шаров, две большие розовые гелиевые цифры, гелиевая корона, шар-мороженое, праздничный торт со свечами, тарелочки, колпак, две хлопушки и 10 бело-розовых шаров. Привозим в пакетах с инструкцией — разворачивается за 1–2 минуты. Доставим по Нячангу",3 500 000 донгов,≈ $140 · 12 800 ₽,Готовый набор для оформления дня рождения девушки,Ready birthday party set — for a woman,"a tender pink-themed decoration for an adult birthday: two pink balloon stands, two large pink helium numbers, a helium crown, an ice-cream balloon, a festive cake with candles, plates, a party hat, two poppers and 10 white-and-pink floor balloons. Delivered in bags with instructions — set up in 1–2 minutes. Delivery across Nha Trang",ready adult birthday party set pink Nha Trang delivery,여성 생일 파티 준비 세트,"성인 생일을 위한 부드러운 핑크 톤 장식: 핑크 풍선 스탠드 2개, 대형 핑크 헬륨 숫자 2개, 헬륨 왕관, 아이스크림 풍선, 촛불 케이크, 접시, 파티 고깔, 폭죽 2개, 화이트·핑크 바닥 풍선 10개. 설명서와 함께 봉지로 배달 — 1~2분 설치. 나트랑 배달",성인 생일 파티 준비 세트 핑크 나트랑 배달
93,Готовый набор для оформления дня рождения парня,nabor-prazdnik-den-rozhdeniya-parnya,img/products/nabor-prazdnik-den-rozhdeniya-parnya/1.webp,готовый набор оформление дня рождения парня серебристо-синий Нячанг доставка,"стильное праздничное оформление дня рождения молодого парня в серебристо-синей гамме: две стойки из шаров, две большие серебристые гелиевые цифры, серебристая гелиевая корона, большая надувная бутылка шампанского, праздничный торт со свечами, тарелочки и приборы, корона для именинника, две хлопушки и 10 серебристо-синих шаров. Привозим в пакетах с инструкцией — разворачивается за 1–2 минуты. Доставим по Нячангу",3 500 000 донгов,≈ $140 · 12 800 ₽,Готовый набор для оформления дня рождения парня,Ready birthday party set — for a young man,"a stylish young man's birthday decoration in a silver-and-blue palette: two balloon stands, two large silver helium numbers, a silver helium crown, a big inflatable champagne bottle, a festive cake with candles, plates and cutlery, a crown for the birthday person, two poppers and 10 silver-and-blue floor balloons. Delivered in bags with instructions — set up in 1–2 minutes. Delivery across Nha Trang",ready young man birthday party set silver blue Nha Trang delivery,청년 생일 파티 준비 세트,"실버·블루 톤의 세련된 청년 생일 장식: 풍선 스탠드 2개, 대형 실버 헬륨 숫자 2개, 실버 헬륨 왕관, 대형 샴페인 병 풍선, 촛불 케이크, 접시·식기, 주인공 왕관, 폭죽 2개, 실버·블루 바닥 풍선 10개. 설명서와 함께 봉지로 배달 — 1~2분 설치. 나트랑 배달",청년 생일 파티 준비 세트 실버 블루 나트랑 배달
94,101 белая роза в корзине + 20 белых шаров + 5 фольгированных сердец,101-belaya-roza-korzina-shary-serdca,img/products/101-belaya-roza-korzina-shary-serdca/1.webp,101 белая роза в корзине с белыми шарами и сердцами Нячанг доставка,"пышная корзина из 101 белой розы плюс 20 белых воздушных шаров и связка из 5 фольгированных сердец — большой торжественный подарок «цветы и шары» с максимальным вау-эффектом. Розы стоят во флористической губке и дольше держат форму; идеально на юбилей, годовщину, свадьбу или крупный сюрприз. Онлайн-доставка по Нячангу со следующего дня, вложим открытку по желанию",4 000 000 донгов,≈ $160 · 14 600 ₽,101 белая роза в корзине + 20 белых шаров + 5 фольгированных сердец,101 white roses in a basket + 20 white balloons + 5 foil hearts,"a lush basket of 101 white roses plus 20 white balloons and a bunch of 5 foil hearts — a big, solemn flowers-and-balloons gift with maximum wow. The roses sit in floral foam and hold their shape longer; perfect for a jubilee, anniversary, wedding or a grand surprise. Online delivery from the next day in Nha Trang, a card on request",101 white roses basket with white balloons and hearts Nha Trang delivery,바구니 화이트 장미 101송이 + 화이트 풍선 20개 + 호일 하트 5개,"화이트 장미 101송이 바구니에 화이트 풍선 20개와 호일 하트 5개 묶음 — 꽃과 풍선의 크고 격조 있는 선물, 최고의 와우. 장미는 플로랄 폼에 꽂혀 형태를 오래 유지합니다; 기념일, 결혼식, 큰 서프라이즈에 완벽. 나트랑 주문 다음 날부터 배달, 요청 시 카드 동봉",바구니 화이트 장미 101송이 풍선 하트 나트랑 배달
95,Шоколадный мини-торт с безе и звёздочками,tort-pirozhnoe-shokoladnyy-drip-pastel,img/products/tort-pirozhnoe-shokoladnyy-drip-pastel/1.webp,шоколадный мини-торт бенто с безе и звёздочками Нячанг доставка,"маленький шоколадный бенто-торт с пышным кремовым завитком, розовыми и жёлтыми безе-цветами, карамельными звёздочками и голубым сахарным жемчугом, украшенный шоколадными подтёками по бокам. Милый подарок-комплимент к кофе, на небольшой сюрприз или как дополнение к букету. Свежая выпечка, доставка по Нячангу со следующего дня",100 000 донгов,≈ $4 · 400 ₽,Шоколадный мини-торт с безе и звёздочками,Chocolate mini bento cake with meringues and stars,"a small chocolate bento cake with a fluffy cream swirl, pink and yellow meringue flowers, caramel stars and blue sugar pearls, finished with chocolate drips on the sides. A cute complimentary treat with coffee, for a small surprise or as an add-on to a bouquet. Freshly baked, online delivery from the next day in Nha Trang",chocolate mini bento cake with meringues and stars Nha Trang delivery,머랭과 별 장식 초콜릿 미니 벤토 케이크,"풍성한 크림 소용돌이, 핑크·옐로 머랭 꽃, 카라멜 별, 블루 슈가 펄로 장식하고 옆면에 초콜릿 드립을 흘린 작은 초콜릿 벤토 케이크. 커피와 함께하는 귀여운 선물, 작은 서프라이즈나 꽃다발 추가 구성으로 좋습니다. 갓 구운 신선함, 나트랑 주문 다음 날부터 배달",머랭 별 장식 초콜릿 미니 벤토 케이크 나트랑 배달
96,Тёмный шоколадный торт с ягодами и безе,tort-shokoladnyy-temnyy-yagody-beze,img/products/tort-shokoladnyy-temnyy-yagody-beze/1.webp,тёмный глянцевый шоколадный торт с ягодами безе и зеленью Нячанг доставка,"эффектный тёмный шоколадный торт под глянцевой глазурью, украшенный сверху свежими ягодами, кусочками безе в шоколаде, карамельными звёздочками, живой зеленью и нежными белыми цветами. Стильный праздничный торт на день рождения, годовщину или сюрприз — красиво смотрится на столе и на фото. Свежая выпечка, доставка по Нячангу со следующего дня",500 000 донгов,≈ $20 · 1 900 ₽,Тёмный шоколадный торт с ягодами и безе,Dark chocolate cake with berries and meringue,"a striking dark chocolate cake under a glossy glaze, topped with fresh berries, chocolate-dipped meringue pieces, caramel stars, fresh greenery and delicate white flowers. A stylish celebration cake for a birthday, anniversary or surprise — looks great on the table and in photos. Freshly baked, online delivery from the next day in Nha Trang",dark glossy chocolate cake with berries meringue and greenery Nha Trang delivery,베리와 머랭 다크 초콜릿 케이크,"광택 나는 글레이즈의 멋진 다크 초콜릿 케이크, 위에 신선한 베리, 초콜릿을 입힌 머랭 조각, 카라멜 별, 생그린과 섬세한 화이트 플라워로 장식. 생일, 기념일, 서프라이즈에 어울리는 세련된 케이크 — 테이블과 사진에서 아름답습니다. 갓 구운 신선함, 나트랑 주문 다음 날부터 배달",베리 머랭 다크 초콜릿 케이크 나트랑 배달
97,101 розовая роза в фиолетовой упаковке,101-rozovaya-roza-fioletovaya-upakovka,img/products/101-rozovaya-roza-fioletovaya-upakovka/1.webp,101 розовая роза в фиолетовой упаковке Нячанг доставка,"пышный букет из 101 розовой розы в стильной фиолетовой упаковке — яркое и нарядное поздравление с эффектным контрастом розового и сиреневого. Крупный букет на день рождения, юбилей, годовщину или большой сюрприз. Розы свежие и ароматные, доставка по Нячангу со следующего дня, вложим открытку по желанию",1 500 000 донгов,≈ $60 · 5 500 ₽,101 розовая роза в фиолетовой упаковке,101 pink roses in violet wrapping,"a lush bouquet of 101 pink roses in stylish violet wrapping — a bright, elegant gift with a striking pink-and-lilac contrast. A large bouquet for a birthday, jubilee, anniversary or a big surprise. Fresh, fragrant roses, online delivery from the next day in Nha Trang, a card on request",101 pink roses in violet wrapping Nha Trang delivery,바이올렛 포장 핑크 장미 101송이,"세련된 바이올렛 포장의 핑크 장미 101송이 풍성한 꽃다발 — 핑크와 라일락의 강렬한 대비가 돋보이는 화사한 선물. 생일, 기념일, 큰 서프라이즈에 어울리는 대형 꽃다발. 신선하고 향기로운 장미, 나트랑 주문 다음 날부터 배달, 요청 시 카드 동봉",바이올렛 포장 핑크 장미 101송이 나트랑 배달
98,101 жёлто-красная роза в белой упаковке + открытка,101-zhelto-krasnaya-roza-belaya-upakovka,img/products/101-zhelto-krasnaya-roza-belaya-upakovka/1.webp,101 жёлто-красная роза в белой упаковке с открыткой Нячанг доставка,"пышный букет из 101 жёлто-красной розы в белой упаковке — солнечное и яркое поздравление с сочным контрастом красного и жёлтого. В подарок прилагается открытка с вашим текстом. Крупный букет на день рождения, юбилей, годовщину или большой сюрприз. Розы свежие и ароматные, доставка по Нячангу со следующего дня",1 500 000 донгов,≈ $60 · 5 500 ₽,101 жёлто-красная роза в белой упаковке + открытка,101 yellow-and-red roses in white wrapping + a card,"a lush bouquet of 101 yellow-and-red roses in white wrapping — a sunny, vivid gift with a juicy red-and-yellow contrast. A card with your message is included. A large bouquet for a birthday, jubilee, anniversary or a big surprise. Fresh, fragrant roses, online delivery from the next day in Nha Trang",101 yellow and red roses in white wrapping with a card Nha Trang delivery,화이트 포장 옐로·레드 장미 101송이 + 카드,"화이트 포장의 옐로·레드 장미 101송이 풍성한 꽃다발 — 레드와 옐로의 생생한 대비가 돋보이는 화사한 선물. 메시지 카드 동봉. 생일, 기념일, 큰 서프라이즈에 어울리는 대형 꽃다발. 신선하고 향기로운 장미, 나트랑 주문 다음 날부터 배달",화이트 포장 옐로 레드 장미 101송이 카드 나트랑 배달
99,25 бело-розовых роз + шоколадный торт со свечами,25-belo-rozovyh-roz-shokoladnyy-tort,img/products/25-belo-rozovyh-roz-shokoladnyy-tort/1.webp,25 бело-розовых роз и шоколадный торт со свечами Нячанг доставка,"нежный букет из 25 бело-розовых роз плюс шоколадный торт со свечами — готовый комплект «цветы и десерт» на день рождения или праздник. Красивое поздравление, которое сразу можно вручить и задуть свечи. Розы свежие, торт свежей выпечки; доставка по Нячангу со следующего дня, вложим открытку по желанию",1 000 000 донгов,≈ $40 · 3 700 ₽,25 бело-розовых роз + шоколадный торт со свечами,25 white-and-pink roses + a chocolate cake with candles,"a tender bouquet of 25 white-and-pink roses plus a chocolate cake with candles — a ready flowers-and-dessert combo for a birthday or celebration. A beautiful gift you can hand over and blow out the candles right away. Fresh roses, freshly baked cake; online delivery from the next day in Nha Trang, a card on request",25 white and pink roses with chocolate cake and candles Nha Trang delivery,화이트·핑크 장미 25송이 + 촛불 초콜릿 케이크,"화이트·핑크 장미 25송이와 촛불 초콜릿 케이크 — 생일·기념일을 위한 꽃과 디저트 세트. 바로 전하고 촛불을 끌 수 있는 아름다운 선물. 신선한 장미와 갓 구운 케이크; 나트랑 주문 다음 날부터 배달, 요청 시 카드 동봉",화이트 핑크 장미 25송이 촛불 초콜릿 케이크 나트랑 배달
100,25 белых роз в красной упаковке + 3 гелиевых шара + открытка,25-belyh-roz-krasnaya-upakovka-3-shara,img/products/25-belyh-roz-krasnaya-upakovka-3-shara/1.webp,25 белых роз в красной упаковке с 3 гелиевыми шарами-сердцами Нячанг доставка,"нежный букет из 25 белых роз в яркой красной упаковке плюс 3 гелиевых фольгированных шара-сердца — готовое романтичное поздравление с эффектным контрастом белого и красного. В подарок открытка с вашим текстом. Отлично на признание, годовщину или сюрприз. Розы свежие, шары держат объём несколько дней; доставка по Нячангу со следующего дня",950 000 донгов,≈ $38 · 3 500 ₽,25 белых роз в красной упаковке + 3 гелиевых шара + открытка,25 white roses in red wrapping + 3 helium balloons + a card,"a tender bouquet of 25 white roses in bright red wrapping plus 3 helium foil heart balloons — a ready romantic gift with a striking white-and-red contrast. A card with your message is included. Great for a confession, anniversary or surprise. Fresh roses, balloons hold their shape for days; online delivery from the next day in Nha Trang",25 white roses in red wrapping with 3 helium heart balloons Nha Trang delivery,레드 포장 화이트 장미 25송이 + 헬륨 풍선 3개 + 카드,"선명한 레드 포장의 화이트 장미 25송이와 헬륨 호일 하트 풍선 3개 — 화이트와 레드의 강렬한 대비가 돋보이는 로맨틱 선물. 메시지 카드 동봉. 고백, 기념일, 서프라이즈에 좋습니다. 신선한 장미, 풍선은 며칠 유지; 나트랑 주문 다음 날부터 배달",레드 포장 화이트 장미 25송이 헬륨 하트 풍선 3개 나트랑 배달
101,Стильный сборный букет + 25 розово-персиковых роз + 25 розово-фиолетовых роз,stilnyy-sbornyy-3-buketa-roz,img/products/stilnyy-sbornyy-3-buketa-roz/1.webp,стильный сборный букет и 25 розово-персиковых и 25 розово-фиолетовых роз Нячанг доставка,"большой праздничный комплект из трёх букетов: стильный сборный букет, 25 розово-персиковых роз и 25 розово-фиолетовых роз — нежная пастельная гамма и щедрый объём. Отличный вариант, когда нужно поздравить сразу нескольких или сделать по-настоящему крупный подарок. Розы свежие и ароматные; доставка по Нячангу со следующего дня, вложим открытку по желанию",2 250 000 донгов,≈ $90 · 8 200 ₽,Стильный сборный букет + 25 розово-персиковых роз + 25 розово-фиолетовых роз,Stylish mixed bouquet + 25 pink-peach roses + 25 pink-purple roses,"a large festive set of three bouquets: a stylish mixed bouquet, 25 pink-peach roses and 25 pink-purple roses — a tender pastel palette and generous volume. Perfect when you need to congratulate several people at once or make a truly big gift. Fresh, fragrant roses; online delivery from the next day in Nha Trang, a card on request",stylish mixed bouquet with 25 pink-peach and 25 pink-purple roses Nha Trang delivery,스타일리시 믹스 꽃다발 + 핑크·피치 장미 25송이 + 핑크·퍼플 장미 25송이,"세 개의 꽃다발로 구성된 큰 축하 세트: 스타일리시 믹스 꽃다발, 핑크·피치 장미 25송이, 핑크·퍼플 장미 25송이 — 부드러운 파스텔 톤과 풍성한 볼륨. 여러 명을 한 번에 축하하거나 정말 큰 선물이 필요할 때 완벽. 신선하고 향기로운 장미; 나트랑 주문 다음 날부터 배달, 요청 시 카드 동봉",스타일리시 믹스 꽃다발 핑크 피치 핑크 퍼플 장미 나트랑 배달
102,Нежный сборный букет в розовых оттенках + открытка,nezhnyy-sbornyy-buket-rozovye-ottenki,img/products/nezhnyy-sbornyy-buket-rozovye-ottenki/1.webp,нежный сборный букет в розовых оттенках с открыткой Нячанг доставка,"воздушный сборный букет в нежных розовых оттенках: розы и сезонные цветы мягкой пастельной гаммы, собранные в изящную композицию. В подарок открытка с вашим текстом. Романтичный и универсальный букет — на свидание, день рождения, признание или просто без повода. Свежие цветы, доставка по Нячангу со следующего дня",1 250 000 донгов,≈ $50 · 4 600 ₽,Нежный сборный букет в розовых оттенках + открытка,Tender mixed bouquet in pink shades + a card,"an airy mixed bouquet in tender pink shades: roses and seasonal flowers in a soft pastel palette, arranged into an elegant composition. A card with your message is included. A romantic, versatile bouquet — for a date, birthday, confession or just because. Fresh flowers, online delivery from the next day in Nha Trang",tender mixed bouquet in pink shades with a card Nha Trang delivery,핑크 톤 감성 믹스 꽃다발 + 카드,"부드러운 핑크 톤의 공기감 있는 믹스 꽃다발: 파스텔 색감의 장미와 제철 꽃을 우아하게 구성했습니다. 메시지 카드 동봉. 데이트, 생일, 고백 또는 이유 없이도 좋은 로맨틱하고 만능인 꽃다발. 신선한 꽃, 나트랑 주문 다음 날부터 배달",핑크 톤 감성 믹스 꽃다발 카드 나트랑 배달
103,101 нежно-розовая роза в корзине + 51 нежно-розовая роза + открытка,101-korzina-51-nezhno-rozovaya,img/products/101-korzina-51-nezhno-rozovaya/1.webp,101 нежно-розовая роза в корзине и 51 нежно-розовая роза с открыткой Нячанг доставка,"большой комплект из двух букетов нежно-розовых роз: пышная корзина из 101 розы плюс букет из 51 розы — щедрый и по-настоящему роскошный подарок в мягкой розовой гамме. В подарок открытка с вашим текстом. Идеально на юбилей, годовщину, крупный сюрприз или чтобы поздравить сразу двоих. Розы свежие, доставка по Нячангу со следующего дня",3 000 000 донгов,≈ $120 · 11 000 ₽,101 нежно-розовая роза в корзине + 51 нежно-розовая роза + открытка,101 soft pink roses in a basket + 51 soft pink roses + a card,"a large set of two soft pink rose arrangements: a lush basket of 101 roses plus a bouquet of 51 roses — a generous, truly lavish gift in a gentle pink palette. A card with your message is included. Perfect for a jubilee, anniversary, big surprise or to congratulate two people at once. Fresh roses, online delivery from the next day in Nha Trang",101 soft pink roses basket and 51 soft pink roses with a card Nha Trang delivery,바구니 연핑크 장미 101송이 + 연핑크 장미 51송이 + 카드,"연핑크 장미 두 구성의 큰 세트: 장미 101송이 풍성한 바구니와 장미 51송이 꽃다발 — 부드러운 핑크 톤의 넉넉하고 진정 화려한 선물. 메시지 카드 동봉. 기념일, 큰 서프라이즈, 또는 두 사람을 한 번에 축하할 때 완벽. 신선한 장미, 나트랑 주문 다음 날부터 배달",바구니 연핑크 장미 101송이 51송이 카드 나트랑 배달
104,Сборный букет в белой упаковке + 7 фольгированных шаров + открытка,sbornyy-buket-belaya-upakovka-7-sharov,img/products/sbornyy-buket-belaya-upakovka-7-sharov/1.webp,сборный букет в белой упаковке с 7 фольгированными шарами и открыткой Нячанг доставка,"нежный сборный букет в белой упаковке плюс связка из 7 фольгированных шаров-сердец и открытка с вашим текстом — готовый праздничный комплект «цветы и шары» с романтичным настроением. Отлично на день рождения, признание или сюрприз. Свежие цветы, шары держат объём несколько дней; доставка по Нячангу со следующего дня",2 250 000 донгов,≈ $90 · 8 200 ₽,Сборный букет в белой упаковке + 7 фольгированных шаров + открытка,Mixed bouquet in white wrapping + 7 foil balloons + a card,"a tender mixed bouquet in white wrapping plus a bunch of 7 foil heart balloons and a card with your message — a ready festive flowers-and-balloons set with a romantic mood. Great for a birthday, confession or surprise. Fresh flowers, balloons hold their shape for days; online delivery from the next day in Nha Trang",mixed bouquet in white wrapping with 7 foil balloons and a card Nha Trang delivery,화이트 포장 믹스 꽃다발 + 호일 풍선 7개 + 카드,"화이트 포장의 감성 믹스 꽃다발에 호일 하트 풍선 7개 묶음과 메시지 카드 — 로맨틱한 분위기의 완성형 꽃&풍선 세트. 생일, 고백, 서프라이즈에 좋습니다. 신선한 꽃, 풍선은 며칠 유지; 나트랑 주문 다음 날부터 배달",화이트 포장 믹스 꽃다발 호일 풍선 7개 카드 나트랑 배달
105,101 белая роза в розовой упаковке + 2 большие цифры + 25 розовых шаров,101-belaya-roza-rozovaya-upakovka-cifry-25-sharov,img/products/101-belaya-roza-rozovaya-upakovka-cifry-25-sharov/1.webp,101 белая роза в розовой упаковке с 2 большими цифрами и 25 розовыми шарами Нячанг доставка,"большой праздничный комплект: пышный букет из 101 белой розы в розовой упаковке, две большие гелиевые цифры (возраст/дата) и 25 розовых резиновых шаров — вау-оформление дня рождения или юбилея под ключ. Розы свежие, шары и цифры держат объём; привезём и расставим по Нячангу со следующего дня, вложим открытку по желанию",4 250 000 донгов,≈ $170 · 15 500 ₽,101 белая роза в розовой упаковке + 2 большие цифры + 25 розовых шаров,101 white roses in pink wrapping + 2 large number balloons + 25 pink balloons,"a big festive set: a lush bouquet of 101 white roses in pink wrapping, two large helium number balloons (age/date) and 25 pink balloons — a wow birthday or jubilee decoration, ready to go. Fresh roses, balloons and numbers hold their shape; we deliver and set it up across Nha Trang from the next day, a card on request",101 white roses in pink wrapping with 2 number balloons and 25 pink balloons Nha Trang delivery,핑크 포장 화이트 장미 101송이 + 대형 숫자 2개 + 핑크 풍선 25개,"큰 축하 세트: 핑크 포장의 화이트 장미 101송이 풍성한 꽃다발, 대형 헬륨 숫자 풍선 2개(나이/날짜), 핑크 풍선 25개 — 생일·기념일 와우 장식 올인원. 신선한 장미, 풍선과 숫자는 형태 유지; 나트랑 주문 다음 날부터 배달·설치, 요청 시 카드 동봉",핑크 포장 화이트 장미 101송이 숫자 풍선 2개 핑크 풍선 25개 나트랑 배달
106,"Шоколадный торт с долларами, бутылкой и сердцем Love",tort-shokoladnyy-dollary-butylka-love,img/products/tort-shokoladnyy-dollary-butylka-love/1.webp,шоколадный торт с долларами бутылкой и шоколадным сердцем Love Нячанг доставка,"эффектный шоколадный торт с «денежным» декором: купюры-доллары, шоколадная бутылка, шоколадное сердце с надписью Love, свежие ягоды и фрукты, живая зелень. Стильный подарок на день рождения, юбилей или мужчине — смотрится дорого и с юмором. Свежая выпечка, доставка по Нячангу со следующего дня",500 000 донгов,≈ $20 · 1 900 ₽,"Шоколадный торт с долларами, бутылкой и сердцем Love","Chocolate cake with dollars, a bottle and a Love heart","a striking chocolate cake with money-themed decor: dollar bills, a chocolate bottle, a chocolate heart with 'Love', fresh berries and fruit, and greenery. A stylish gift for a birthday, jubilee or a man — looks expensive and playful. Freshly baked, online delivery from the next day in Nha Trang",chocolate cake with dollars a bottle and a chocolate Love heart Nha Trang delivery,달러·병·Love 하트 장식 초콜릿 케이크,"머니 테마 장식의 멋진 초콜릿 케이크: 달러 지폐, 초콜릿 병, 'Love' 초콜릿 하트, 신선한 베리와 과일, 생그린. 생일, 기념일, 남성 선물로 세련되고 위트 있는 케이크 — 고급스러워 보입니다. 갓 구운 신선함, 나트랑 주문 다음 날부터 배달",달러 병 Love 하트 초콜릿 케이크 나트랑 배달
107,101 розовая роза с фиолетовым оттенком в корзине + 10 красных гелиевых сердец,101-rozovaya-fioletovaya-korzina-shary-serdca,img/products/101-rozovaya-fioletovaya-korzina-shary-serdca/1.webp,101 розовая роза с фиолетовым оттенком в корзине и красные гелиевые сердца Нячанг доставка,"пышная корзина из 101 розы с нежным розово-фиолетовым оттенком плюс связка из 10 красных фольгированных сердец — двойной подарок «цветы и шары» с максимальным вау-эффектом. Розы стоят во флористической губке и дольше держат форму; идеально на признание, годовщину, 14 февраля или большой сюрприз. Онлайн-доставка по Нячангу со следующего дня, вложим открытку по желанию",3 500 000 донгов,≈ $140 · 12 800 ₽,101 розовая роза с фиолетовым оттенком в корзине + 10 красных гелиевых сердец,101 pink-violet roses in a basket + 10 red heart balloons,"a lush basket of 101 roses in a soft pink-violet shade plus a bunch of 10 red foil hearts — a double flowers-and-balloons gift with maximum wow. The roses sit in floral foam and hold their shape longer; perfect for a declaration, anniversary, Valentine's Day or a grand surprise. Online delivery from the next day in Nha Trang, a card on request",101 pink violet roses basket and red heart balloons Nha Trang delivery,바구니 핑크·바이올렛 장미 101송이 + 레드 하트 풍선 10개,"은은한 핑크·바이올렛 장미 101송이 바구니에 빨간 포일 하트 10개 묶음 — 꽃과 풍선의 더블 선물, 최고의 와우. 장미는 플로랄 폼에 꽂혀 형태를 더 오래 유지합니다; 고백, 기념일, 발렌타인, 큰 서프라이즈에 완벽. 나트랑 주문 다음 날부터 배달, 요청 시 카드 동봉",바구니 핑크 바이올렛 장미 101송이 레드 하트 풍선 나트랑 배달
108,Нежный сборный букет + 25 красных роз + 25 розово-персиковых роз,nezhnyy-sbornyy-25-krasnyh-25-rozovo-persik,img/products/nezhnyy-sbornyy-25-krasnyh-25-rozovo-persik/1.webp,нежный сборный букет с 25 красными и 25 розово-персиковыми розами Нячанг доставка,"нежный комплект из трёх букетов: авторский сборный букет в пастельных тонах, 25 красных роз и 25 розово-персиковых роз — тройной подарок с богатым выбором оттенков и максимальным вау-эффектом. Свежие цветы, аккуратная упаковка; идеально на день рождения, годовщину, признание или большой сюрприз. Онлайн-доставка по Нячангу со следующего дня, вложим открытку по желанию",2 250 000 донгов,≈ $90 · 8 200 ₽,Нежный сборный букет + 25 красных роз + 25 розово-персиковых роз,Delicate mixed bouquet + 25 red roses + 25 pink-peach roses,"a gentle set of three bouquets: a signature mixed bouquet in pastel tones, 25 red roses and 25 pink-peach roses — a triple gift with a rich range of shades and maximum wow. Fresh flowers, neat wrapping; perfect for a birthday, anniversary, declaration or a grand surprise. Online delivery from the next day in Nha Trang, a card on request",delicate mixed bouquet with 25 red and 25 pink-peach roses Nha Trang delivery,믹스 부케 + 레드 장미 25송이 + 핑크·피치 장미 25송이,"세 개의 부케로 구성된 은은한 세트: 파스텔 톤 믹스 부케, 레드 장미 25송이, 핑크·피치 장미 25송이 — 다양한 색감의 트리플 선물, 최고의 와우. 신선한 꽃과 깔끔한 포장; 생일, 기념일, 고백, 큰 서프라이즈에 완벽. 나트랑 주문 다음 날부터 배달, 요청 시 카드 동봉",믹스 부케 레드 장미 25송이 핑크 피치 장미 25송이 나트랑 배달
109,51 нежно-розовая роза под ленту + открытка,51-nezhno-rozovaya-roza-pod-lentu-otkrytka,img/products/51-nezhno-rozovaya-roza-pod-lentu-otkrytka/1.webp,51 нежно-розовая роза под ленту с открыткой Нячанг доставка,"элегантный монобукет из 51 нежно-розовой розы, собранный под ленту, с открыткой для вашего текста — благородный и романтичный подарок в пастельных тонах. Крупные свежие бутоны, аккуратная сборка; идеально на день рождения, годовщину, признание или просто без повода. Онлайн-доставка по Нячангу со следующего дня, вложим открытку по желанию",1 000 000 донгов,≈ $40 · 3 700 ₽,51 нежно-розовая роза под ленту + открытка,51 soft-pink roses tied with a ribbon + a card,"an elegant mono-bouquet of 51 soft-pink roses gathered under a ribbon, with a card for your message — a graceful, romantic gift in pastel tones. Large fresh buds, neat styling; perfect for a birthday, anniversary, a declaration or just because. Online delivery from the next day in Nha Trang, a card on request",51 soft-pink roses tied with a ribbon with a card Nha Trang delivery,리본으로 묶은 연핑크 장미 51송이 + 카드,"리본으로 묶은 연핑크 장미 51송이의 우아한 모노 부케에 메시지 카드 — 파스텔 톤의 품격 있고 로맨틱한 선물. 크고 신선한 봉오리, 깔끔한 스타일링; 생일, 기념일, 고백 또는 이유 없이도 완벽. 나트랑 주문 다음 날부터 배달, 요청 시 카드 동봉",리본 연핑크 장미 51송이 카드 나트랑 배달
110,101 бело-розовая роза в корзине с розовой лентой,101-belo-rozovaya-roza-korzina-rozovaya-lenta,img/products/101-belo-rozovaya-roza-korzina-rozovaya-lenta/1.webp,101 бело-розовая роза в корзине с розовой лентой Нячанг доставка,"пышная корзина из 101 бело-розовой розы с нежным переходом оттенков, декорированная атласной розовой лентой — роскошный подарок с вау-эффектом. Розы стоят во флористической губке и дольше держат форму; идеально на день рождения, годовщину, признание или большой сюрприз. Онлайн-доставка по Нячангу со следующего дня, вложим открытку по желанию",2 000 000 донгов,≈ $80 · 7 300 ₽,101 бело-розовая роза в корзине с розовой лентой,101 white-pink roses in a basket with a pink ribbon,"a lush basket of 101 white-pink roses with a soft gradient of shades, decorated with a satin pink ribbon — a luxurious gift with a wow effect. The roses sit in floral foam and hold their shape longer; perfect for a birthday, anniversary, a declaration or a grand surprise. Online delivery from the next day in Nha Trang, a card on request",101 white-pink roses in a basket with a pink ribbon Nha Trang delivery,핑크 리본 바구니 화이트·핑크 장미 101송이,"은은한 그라데이션의 화이트·핑크 장미 101송이 풍성한 바구니에 새틴 핑크 리본 장식 — 와우 효과의 럭셔리 선물. 장미는 플로랄 폼에 꽂혀 형태를 더 오래 유지합니다; 생일, 기념일, 고백, 큰 서프라이즈에 완벽. 나트랑 주문 다음 날부터 배달, 요청 시 카드 동봉",핑크 리본 바구니 화이트 핑크 장미 101송이 나트랑 배달
111,35 серебристо-чёрных резиновых гелиевых шаров под потолок,35-serebristo-chernyh-gelievyh-sharov-pod-potolok,img/products/35-serebristo-chernyh-gelievyh-sharov-pod-potolok/1.webp,35 серебристо-чёрных гелиевых шаров под потолок Нячанг доставка,"связка из 35 гелиевых резиновых шаров в стильных серебристо-чёрных оттенках, запускаются под потолок с блестящими лентами — эффектное оформление дня рождения, вечеринки или юбилея. Шары держат объём несколько дней; привезём и запустим по Нячангу со следующего дня",2 450 000 донгов,≈ $100 · 9 000 ₽,35 серебристо-чёрных резиновых гелиевых шаров под потолок,35 silver-black helium balloons for the ceiling,"a bunch of 35 helium latex balloons in stylish silver-black tones, floated to the ceiling with shiny ribbons — a striking decoration for a birthday, party or jubilee. The balloons hold their shape for days; online delivery from the next day with careful setup across Nha Trang",35 silver-black helium balloons for the ceiling Nha Trang delivery,실버·블랙 헬륨 풍선 35개 천장 장식,"세련된 실버·블랙 톤의 헬륨 라텍스 풍선 35개 묶음, 반짝이는 리본과 함께 천장으로 띄우는 연출 — 생일, 파티, 기념일을 위한 임팩트 있는 장식. 풍선은 며칠 동안 형태 유지; 나트랑 주문 다음 날부터 배달·설치",실버 블랙 헬륨 풍선 35개 천장 나트랑 배달
112,Шоколадное пирожное с розовой кремовой розой,tort-pirozhnoe-shokoladnyy-rozovaya-roza,img/products/tort-pirozhnoe-shokoladnyy-rozovaya-roza/1.webp,шоколадное пирожное с розовой кремовой розой Нячанг доставка,"нежное шоколадное пирожное с белым кремом, шоколадным дрип-декором и большой кремовой розой в розовых тонах — маленький, но эффектный десерт. Порция на одного, в комплекте ложечка, всё в красивой подарочной коробке — удобно доставить и красиво подарить. Свежая выпечка, доставка по Нячангу со следующего дня",100 000 донгов,≈ $4 · 400 ₽,Шоколадное пирожное с розовой кремовой розой,Chocolate pastry with a pink cream rose,"a tender chocolate pastry with white cream, a chocolate drip and a large cream rose in pink tones — a small yet striking dessert. A single portion, a spoon included, all in a pretty gift box — easy to deliver and lovely to give. Freshly baked, online delivery from the next day in Nha Trang",chocolate pastry with a pink cream rose Nha Trang delivery,핑크 크림 장미 초콜릿 케이크 (1인용),"화이트 크림과 초콜릿 드립, 핑크 톤의 큼직한 크림 장미로 장식한 부드러운 초콜릿 케이크 — 작지만 임팩트 있는 디저트. 1인 분량, 스푼 포함, 예쁜 선물 상자에 담겨 배달과 선물에 편리합니다. 갓 구운 신선함, 나트랑 주문 다음 날부터 배달",핑크 크림 장미 초콜릿 케이크 나트랑 배달
113,"Шоколадный торт с долларами, клубникой и сердцем Love",tort-shokoladnyy-dollary-klubnika-serdce-love,img/products/tort-shokoladnyy-dollary-klubnika-serdce-love/1.webp,шоколадный торт с долларами клубникой и сердцем Love Нячанг доставка,"эффектный шоколадный торт с «денежным» декором: купюры-доллары, шоколадное сердце с надписью Love, свежая клубника и живая зелень, шоколадная крошка. Стильный подарок на день рождения, юбилей или признание — смотрится дорого и с настроением. Рассчитан на 5 человек, в комплекте тарелочки, вилки и ножи, всё в красивой коробке — удобно доставить и красиво подарить. Свежая выпечка, доставка по Нячангу со следующего дня",500 000 донгов,≈ $20 · 1 900 ₽,"Шоколадный торт с долларами, клубникой и сердцем Love","Chocolate cake with dollars, strawberries and a Love heart","a striking chocolate cake with money-themed decor: dollar bills, a chocolate heart with 'Love', fresh strawberries and greenery, chocolate crumbs. A stylish gift for a birthday, jubilee or a declaration — looks expensive and full of mood. Serves 5 people, plates, forks and knives included, all in a pretty box — easy to deliver and lovely to give. Freshly baked, online delivery from the next day in Nha Trang",chocolate cake with dollars strawberries and a Love heart Nha Trang delivery,달러·딸기·Love 하트 초콜릿 케이크 (5인용),"머니 테마 장식의 멋진 초콜릿 케이크: 달러 지폐, 'Love' 초콜릿 하트, 신선한 딸기와 생그린, 초콜릿 크럼. 생일, 기념일, 고백 선물로 고급스럽고 분위기 있는 케이크. 5인 분량, 접시·포크·나이프 포함, 예쁜 상자에 담겨 배달과 선물에 편리합니다. 갓 구운 신선함, 나트랑 주문 다음 날부터 배달",달러 딸기 Love 하트 초콜릿 케이크 나트랑 배달
114,Набор шаров L + 101 красная роза + 51 белая роза + 25 розовых роз + открытка + 2 тары под букеты,nabor-sharov-l-101-krasnaya-51-belaya-25-rozovyh,img/products/nabor-sharov-l-101-krasnaya-51-belaya-25-rozovyh/1.webp,"набор шаров L с 101 красной, 51 белой и 25 розовыми розами Нячанг доставка","большой праздничный комплект: набор шаров L с серебристыми цифрами 39 и красно-серебристыми сердцами, 101 красная роза, 51 белая роза, 25 розовых роз, открытка и 2 декоративные тары под букеты — готовый сюрприз с максимальным вау-эффектом. Свежие цветы, гелиевые шары и оформление в единой красно-серебристой гамме; онлайн-доставка со следующего дня и аккуратная расстановка по Нячангу",5 000 000 донгов,≈ $200 · 18 200 ₽,Набор шаров L + 101 красная роза + 51 белая роза + 25 розовых роз + открытка + 2 тары под букеты,Balloon set L + 101 red roses + 51 white roses + 25 pink roses + card + 2 bouquet containers,"a large celebration set: balloon set L with silver number balloons 39 and red-silver hearts, 101 red roses, 51 white roses, 25 pink roses, a message card and 2 decorative bouquet containers — a complete surprise with maximum wow effect. Fresh flowers, helium balloons and coordinated red-silver styling; online delivery from the next day and careful setup in Nha Trang",balloon set L with 101 red 51 white and 25 pink roses delivery Nha Trang,풍선 세트 L + 레드 장미 101송이 + 화이트 장미 51송이 + 핑크 장미 25송이 + 카드 + 부케 용기 2개,"대형 축하 세트: 실버 숫자 풍선 39와 레드·실버 하트로 구성된 L 사이즈 풍선 세트, 레드 장미 101송이, 화이트 장미 51송이, 핑크 장미 25송이, 메시지 카드와 장식용 부케 용기 2개 — 최고의 와우 효과를 주는 올인원 서프라이즈. 신선한 꽃과 헬륨 풍선을 레드·실버 톤으로 통일해 나트랑 주문 다음 날부터 배달·세팅",풍선 세트 L 레드 장미 101송이 화이트 장미 51송이 핑크 장미 25송이 나트랑 배달
115,101 фиолетовая роза + шоколадный торт,101-fioletovaya-roza-shokoladnyy-tort,img/products/101-fioletovaya-roza-shokoladnyy-tort/1.webp,101 фиолетовая роза и шоколадный торт Нячанг доставка,"большой готовый подарок: пышный букет из 101 фиолетовой розы в сиреневой упаковке и шоколадный торт с декором из долларовых купюр, клубники, зелени и шоколадного сердца Love. Торт в подарочной коробке, в комплекте свечи и набор для сервировки — всё для красивого сюрприза без лишних приготовлений. Онлайн-доставка по Нячангу со следующего дня",2 000 000 донгов,≈ $80 · 7 300 ₽,101 фиолетовая роза + шоколадный торт,101 purple roses + chocolate cake,"a complete celebration gift: a lush bouquet of 101 purple roses in lilac wrapping and a chocolate cake decorated with dollar bills, strawberries, greenery and a chocolate Love heart. The cake comes in a gift box with candles and a serving set — everything needed for a beautiful surprise. Online delivery from the next day in Nha Trang",101 purple roses and chocolate cake delivery Nha Trang,퍼플 장미 101송이 + 초콜릿 케이크,"풍성한 퍼플 장미 101송이 라일락 포장 부케와 달러 지폐, 딸기, 그린 장식, 초콜릿 Love 하트로 꾸민 초콜릿 케이크 세트. 케이크는 선물 상자에 담기며 초와 서빙 세트가 포함되어 별도 준비 없이 완성도 높은 서프라이즈를 선물할 수 있습니다. 나트랑 주문 다음 날부터 배달",퍼플 장미 101송이 초콜릿 케이크 나트랑 배달
116,151 розовая роза с фиолетовым оттенком в белой упаковке,151-rozovaya-roza-fioletovyy-ottenok-belaya-upakovka,img/products/151-rozovaya-roza-fioletovyy-ottenok-belaya-upakovka/1.webp,151 розовая роза с фиолетовым оттенком в белой упаковке Нячанг доставка,"огромный букет из 151 розы нежного розового цвета с лёгким фиолетовым оттенком в белой упаковке — роскошный и объёмный подарок с сильным вау-эффектом. Идеально на день рождения, годовщину, свадьбу или большое признание в любви. Онлайн-доставка по Нячангу со следующего дня, вложим открытку по желанию",2 250 000 донгов,≈ $90 · 8 200 ₽,151 розовая роза с фиолетовым оттенком в белой упаковке,151 pink roses with a violet tint in white wrapping,"a huge bouquet of 151 roses in a soft pink shade with a subtle violet tint, arranged in white wrapping — a luxurious and voluminous gift with a powerful wow effect. Perfect for a birthday, anniversary, wedding or a grand declaration of love. Online delivery from the next day in Nha Trang, a card on request",151 pink roses with a violet tint in white wrapping delivery Nha Trang,퍼플빛 핑크 장미 151송이 화이트 포장,"은은한 퍼플빛이 도는 핑크 장미 151송이를 화이트 포장에 풍성하게 담은 대형 부케 — 강렬한 와우 효과를 주는 럭셔리 선물. 생일, 기념일, 결혼식 또는 큰 사랑 고백에 완벽합니다. 나트랑 주문 다음 날부터 배달, 요청 시 카드 동봉",퍼플빛 핑크 장미 151송이 화이트 포장 나트랑 배달
117,"Бело-голубой торт с долларами, фруктами и топпером Happy Birthday",tort-belo-goluboy-dollary-frukty-happy-birthday,img/products/tort-belo-goluboy-dollary-frukty-happy-birthday/1.webp,бело-голубой торт с долларами фруктами и топпером Happy Birthday Нячанг доставка,"праздничный бело-голубой торт с шоколадным дрипом, денежным декором, фруктовой композицией, кремовыми цветами и серебристым топпером Happy Birthday. Рассчитан на 5 человек; в комплекте свечи и набор для сервировки, всё упаковано в подарочную коробку. Свежая выпечка, доставка по Нячангу со следующего дня",500 000 донгов,≈ $20 · 1 900 ₽,"Бело-голубой торт с долларами, фруктами и топпером Happy Birthday","White-and-blue cake with dollars, fruit and a Happy Birthday topper","a festive white-and-blue cake with a chocolate drip, money-themed decor, a fruit arrangement, cream flowers and a silver Happy Birthday topper. Serves 5 people; candles and a serving set are included, all packed in a gift box. Freshly baked, online delivery from the next day in Nha Trang",white and blue cake with dollars fruit and Happy Birthday topper delivery Nha Trang,달러·과일·Happy Birthday 토퍼 화이트·블루 케이크 (5인용),"초콜릿 드립, 머니 테마 장식, 과일 장식, 크림 꽃과 실버 Happy Birthday 토퍼로 꾸민 화이트·블루 케이크. 5인용이며 초와 서빙 세트가 포함되고 선물 상자에 포장됩니다. 갓 구운 신선함, 나트랑 주문 다음 날부터 배달",달러 과일 Happy Birthday 토퍼 화이트 블루 케이크 나트랑 배달
118,101 розовая роза в корзине с буквой «Н» в центре,101-rozovaya-roza-korzina-bukva-n,img/products/101-rozovaya-roza-korzina-bukva-n/1.webp,101 розовая роза в корзине с буквой Н Нячанг доставка,"пышная композиция из 101 нежно-розовой розы в белой плетёной корзине, с буквой «Н» из белых роз в центре и атласным розовым бантом — эффектный персональный подарок с вау-эффектом. Розы стоят во флористической губке и дольше сохраняют форму; идеально для дня рождения, годовщины или признания. Онлайн-доставка по Нячангу со следующего дня, вложим открытку по желанию",2 500 000 донгов,≈ $100 · 9 100 ₽,101 розовая роза в корзине с буквой «Н» в центре,101 pink roses in a basket with the letter H in the centre,"a lush arrangement of 101 soft-pink roses in a white woven basket, with the letter H formed from white roses in the centre and a satin pink bow — a striking personalised gift with a wow effect. The roses sit in floral foam and hold their shape longer; perfect for a birthday, anniversary or declaration. Online delivery from the next day in Nha Trang, a card on request",101 pink roses in a basket with letter H delivery Nha Trang,중앙에 흰 장미 H가 있는 바구니 핑크 장미 101송이,"부드러운 핑크 장미 101송이를 화이트 라탄 바구니에 풍성하게 담고 중앙에 흰 장미로 H를 표현한 맞춤형 꽃 선물. 새틴 핑크 리본으로 장식해 강한 와우 효과를 주며, 플로랄 폼에 꽂아 형태를 오래 유지합니다. 생일, 기념일, 사랑 고백에 완벽하며 나트랑 주문 다음 날부터 배달, 요청 시 카드 동봉",중앙 흰 장미 H 바구니 핑크 장미 101송이 나트랑 배달
119,Яркий сборный букет + торт «Happy Birthday»,yarkiy-sbornyy-buket-tort-happy-birthday,img/products/yarkiy-sbornyy-buket-tort-happy-birthday/1.webp,яркий сборный букет и торт Happy Birthday Нячанг доставка,"яркий праздничный комплект: пышный сборный букет в розовых, малиновых, белых и фиолетовых оттенках с герберами, розами и хризантемами, а также бело-голубой торт с шоколадным дрипом, фруктовым и денежным декором и топпером Happy Birthday. Торт рассчитан на 5 человек; в комплекте свечи и набор для сервировки, всё упаковано в подарочную коробку. Готовый сюрприз на день рождения, доставка по Нячангу со следующего дня",1 750 000 донгов,≈ $70 · 6 400 ₽,Яркий сборный букет + торт «Happy Birthday»,Bright mixed bouquet + Happy Birthday cake,"a bright celebration set: a lush mixed bouquet in pink, raspberry, white and purple tones with gerberas, roses and chrysanthemums, plus a white-and-blue cake with a chocolate drip, fruit and money-themed decor and a Happy Birthday topper. The cake serves 5; candles and a serving set are included, all packed in a gift box. A complete birthday surprise with online delivery from the next day in Nha Trang",bright mixed bouquet and Happy Birthday cake delivery Nha Trang,화려한 믹스 꽃다발 + Happy Birthday 케이크,"핑크, 라즈베리, 화이트, 퍼플 톤의 거베라·장미·국화로 풍성하게 구성한 믹스 꽃다발과 초콜릿 드립, 과일, 머니 테마 장식, Happy Birthday 토퍼를 더한 화이트·블루 케이크 세트. 케이크는 5인용이며 초와 서빙 세트가 포함되고 선물 상자에 포장됩니다. 생일을 위한 완성형 서프라이즈, 나트랑 주문 다음 날부터 배달",화려한 믹스 꽃다발 Happy Birthday 케이크 나트랑 배달
120,151 красная роза в белой упаковке + 101 бело-розовая роза в корзине,151-krasnaya-roza-belaya-upakovka-101-belo-rozovaya-korzina,img/products/151-krasnaya-roza-belaya-upakovka-101-belo-rozovaya-korzina/1.webp,151 красная роза в белой упаковке и 101 бело-розовая роза в корзине Нячанг доставка,"роскошный комплект из двух больших композиций: круглый букет из 151 насыщенно-красной розы в белой упаковке и 101 бело-розовая роза в белой плетёной корзине с пышной зеленью и розовой лентой. Эффектный подарок с максимальным вау-эффектом для дня рождения, годовщины, свадьбы или большого признания. Онлайн-доставка обоих букетов по Нячангу со следующего дня, вложим открытку по желанию",4 250 000 донгов,≈ $170 · 15 500 ₽,151 красная роза в белой упаковке + 101 бело-розовая роза в корзине,151 red roses in white wrapping + 101 white-pink roses in a basket,"a luxurious set of two large arrangements: a round bouquet of 151 deep-red roses in white wrapping and 101 white-pink roses in a white woven basket with lush greenery and a pink ribbon. A spectacular gift with maximum wow effect for a birthday, anniversary, wedding or grand declaration. Online delivery from the next day of both bouquets in Nha Trang, with a message card on request",151 red roses in white wrapping and 101 white-pink roses in a basket delivery Nha Trang,화이트 포장 레드 장미 151송이 + 바구니 화이트·핑크 장미 101송이,"화이트 포장에 둥글고 풍성하게 담은 진한 레드 장미 151송이와 화이트 라탄 바구니에 풍성한 그린, 핑크 리본과 함께 구성한 화이트·핑크 장미 101송이의 럭셔리 세트. 생일, 기념일, 결혼식 또는 큰 사랑 고백에 최고의 와우 효과를 선사합니다. 두 꽃다발 모두 나트랑 주문 다음 날부터 배달, 요청 시 메시지 카드 동봉",화이트 포장 레드 장미 151송이 바구니 화이트 핑크 장미 101송이 나트랑 배달
121,101 розовая роза в корзине с буквой «К» + 101 розовая роза с фиолетовым оттенком + набор шаров S,101-rozovaya-korzina-k-101-rozovaya-fioletovaya-upakovka-nabor-sharov-s,img/products/101-rozovaya-korzina-k-101-rozovaya-fioletovaya-upakovka-nabor-sharov-s/1.webp,101 розовая роза в корзине с буквой К и букет с набором шаров S Нячанг доставка,"большой праздничный комплект в розовых оттенках: 101 нежно-розовая роза в плетёной корзине с буквой «К» из белых роз и атласной лентой, круглый букет из 101 розовой розы с лёгким фиолетовым оттенком в белой упаковке и гелиевый набор S из 7 фольгированных звёзд в розовых и оттенках розового золота, включая шары Happy Birthday. Готовый персональный сюрприз с максимальным вау-эффектом; онлайн-доставка по Нячангу со следующего дня",5 000 000 донгов,≈ $200 · 18 200 ₽,101 розовая роза в корзине с буквой «К» + 101 розовая роза с фиолетовым оттенком + набор шаров S,101 pink roses in a basket with the letter K + 101 violet-tinted pink roses + balloon set S,"a large celebration set in pink tones: 101 soft-pink roses in a woven basket with the letter K formed from white roses and a satin ribbon, a round bouquet of 101 pink roses with a subtle violet tint in white wrapping, and helium balloon set S with 7 foil stars in pink and rose-gold tones, including Happy Birthday balloons. A complete personalised surprise with maximum wow effect; online delivery from the next day in Nha Trang",101 pink roses basket letter K violet tinted bouquet balloon set S delivery Nha Trang,흰 장미 K 바구니 핑크 장미 101송이 + 퍼플빛 핑크 장미 101송이 + 풍선 세트 S,"핑크 톤의 대형 축하 세트: 흰 장미로 만든 K가 있는 라탄 바구니의 부드러운 핑크 장미 101송이와 새틴 리본, 화이트 포장에 담은 은은한 퍼플빛 핑크 장미 101송이 원형 부케, 핑크·로즈골드 톤의 별 모양 호일 풍선 7개로 구성된 헬륨 풍선 세트 S(Happy Birthday 풍선 포함). 강한 와우 효과를 주는 맞춤형 올인원 서프라이즈; 나트랑 주문 다음 날부터 배달",흰 장미 K 바구니 핑크 장미 퍼플빛 핑크 장미 풍선 세트 S 나트랑 배달
122,Шоколадный торт с сердцами и красным топпером Love,tort-shokoladnyy-serdca-krasnyy-topper-love,img/products/tort-shokoladnyy-serdca-krasnyy-topper-love/1.webp,шоколадный торт с сердцами и красным топпером Love Нячанг доставка,"романтичный шоколадный торт с кремовым покрытием и шоколадной крошкой, украшенный двумя шоколадными сердцами, красным топпером Love, коралловым кремовым цветком, белыми цветочками и зеленью. Рассчитан на 5 человек; в комплекте подарочная коробка, свечи и набор для сервировки с тарелочками, вилками и ножами. Красивый подарок на день рождения, годовщину или признание; свежая выпечка, онлайн-доставка по Нячангу со следующего дня",500 000 донгов,≈ $20 · 1 900 ₽,Шоколадный торт с сердцами и красным топпером Love,Chocolate cake with hearts and a red Love topper,"a romantic chocolate cake with a cream finish and chocolate crumbs, decorated with two chocolate hearts, a red Love topper, a coral cream flower, small white flowers and greenery. Serves 5 people; a gift box, candles and a serving set with plates, forks and knives are included. A beautiful gift for a birthday, anniversary or declaration; freshly baked, online delivery from the next day in Nha Trang",chocolate cake with hearts and red Love topper delivery Nha Trang,레드 Love 토퍼 하트 초콜릿 케이크 (5인용),"크림 코팅과 초콜릿 크럼을 더한 로맨틱한 초콜릿 케이크로, 초콜릿 하트 2개와 레드 Love 토퍼, 코랄 크림 플라워, 작은 흰 꽃과 그린 장식으로 완성했습니다. 5인용이며 선물 상자, 초, 접시·포크·나이프 서빙 세트가 포함됩니다. 생일, 기념일, 사랑 고백을 위한 아름다운 선물; 갓 구운 신선함, 나트랑 주문 다음 날부터 배달",레드 Love 토퍼 하트 초콜릿 케이크 나트랑 배달
123,151 нежно-розовая роза в белой упаковке,151-nezhno-rozovaya-roza-belaya-upakovka,img/products/151-nezhno-rozovaya-roza-belaya-upakovka/1.webp,151 нежно-розовая роза в белой упаковке Нячанг доставка,"огромный букет из 151 нежно-розовой розы в белой упаковке — роскошный и объёмный подарок с сильным вау-эффектом. Идеально на день рождения, годовщину, свадьбу или большое признание в любви. Онлайн-доставка по Нячангу со следующего дня, вложим открытку по желанию",2 250 000 донгов,≈ $90 · 8 200 ₽,151 нежно-розовая роза в белой упаковке,151 soft pink roses in white wrapping,"a huge bouquet of 151 roses in a soft pink shade, arranged in white wrapping — a luxurious and voluminous gift with a powerful wow effect. Perfect for a birthday, anniversary, wedding or a grand declaration of love. Online delivery from the next day in Nha Trang, a card on request",151 soft pink roses in white wrapping delivery Nha Trang,연핑크 장미 151송이 화이트 포장,"은은한 연핑크 장미 151송이를 화이트 포장에 풍성하게 담은 대형 부케 — 강렬한 와우 효과를 주는 럭셔리 선물. 생일, 기념일, 결혼식 또는 큰 사랑 고백에 완벽합니다. 나트랑 주문 다음 날부터 배달, 요청 시 카드 동봉",연핑크 장미 151송이 화이트 포장 나트랑 배달
124,51 белая роза в белой упаковке + набор шаров S (золотые цифры 4 и 5),51-belaya-roza-nabor-sharov-s-cifry-45,img/products/51-belaya-roza-nabor-sharov-s-cifry-45/1.webp,51 белая роза в белой упаковке и набор шаров с цифрами 4 и 5 Нячанг доставка,"букет из 51 белой розы в белой упаковке в паре с набором фольгированных шаров S — золотые цифры «4» и «5». Яркий праздничный комплект на день рождения (45 лет) или юбилей. Онлайн-доставка по Нячангу со следующего дня, вложим открытку по желанию",2 000 000 донгов,≈ $80 · 7 300 ₽,51 белая роза в белой упаковке + набор шаров S (золотые цифры 4 и 5),51 white roses in white wrapping + balloon set S (gold digits 4 and 5),"a bouquet of 51 white roses in white wrapping paired with a balloon set S — gold foil digits 4 and 5. A bright festive combo for a birthday (turning 45) or an anniversary. Online delivery from the next day in Nha Trang, a card on request",51 white roses in white wrapping and a balloon set with digits 4 and 5 delivery Nha Trang,화이트 포장 화이트 장미 51송이 + 풍선 세트 S (골드 숫자 4·5),"화이트 포장에 담은 화이트 장미 51송이와 풍선 세트 S(골드 포일 숫자 4·5)의 구성. 생일(45세)이나 기념일에 어울리는 화사한 축하 세트. 나트랑 주문 다음 날부터 배달, 요청 시 카드 동봉",화이트 장미 51송이와 숫자 4·5 풍선 세트 나트랑 배달
125,101 насыщенная розовая роза в фиолетовой упаковке,101-nasyshchennaya-rozovaya-roza-fioletovaya-upakovka,img/products/101-nasyshchennaya-rozovaya-roza-fioletovaya-upakovka/1.webp,101 насыщенная розовая роза в фиолетовой упаковке Нячанг доставка,"пышный круглый букет из 101 насыщенно-розовой розы (яркая фуксия) в двухцветной сиренево-розовой упаковке — эффектный и объёмный подарок с сильным вау-эффектом. Идеально на день рождения, годовщину или большое признание в любви. Онлайн-доставка по Нячангу со следующего дня, вложим открытку по желанию",1 500 000 донгов,≈ $60 · 5 500 ₽,101 насыщенная розовая роза в фиолетовой упаковке,101 vibrant pink roses in violet wrapping,"a lush round bouquet of 101 vibrant pink (bright fuchsia) roses in two-tone lilac-and-pink wrapping — a striking, voluminous gift with a powerful wow effect. Perfect for a birthday, anniversary or a grand declaration of love. Online delivery from the next day in Nha Trang, a card on request",101 vibrant pink roses in violet wrapping delivery Nha Trang,선명한 핑크 장미 101송이 바이올렛 포장,"선명한 핑크(브라이트 푸시아) 장미 101송이를 라일락·핑크 투톤 포장에 풍성하게 담은 둥근 대형 부케 — 강렬한 와우 효과의 선물. 생일, 기념일 또는 큰 사랑 고백에 완벽합니다. 나트랑 주문 다음 날부터 배달, 요청 시 카드 동봉",선명한 핑크 장미 101송이 바이올렛 포장 나트랑 배달
126,101 розовая роза в корзине + 25 персиковых роз + 15 резиновых шаров,101-rozovaya-roza-korzina-25-persikovyh-roz-15-sharov,img/products/101-rozovaya-roza-korzina-25-persikovyh-roz-15-sharov/1.webp,"101 розовая роза в корзине, 25 персиковых роз и 15 резиновых шаров Нячанг доставка","роскошный праздничный комплект: пышная корзина из 101 нежно-розовой розы, отдельный букет из 25 персиковых роз и фонтан из 15 латексных шаров (розовые, серебристые, белые). Максимальный вау-эффект на день рождения, юбилей или большое торжество. Онлайн-доставка по Нячангу со следующего дня, вложим открытку по желанию",3 500 000 донгов,≈ $140 · 12 800 ₽,101 розовая роза в корзине + 25 персиковых роз + 15 резиновых шаров,101 pink roses in a basket + 25 peach roses + 15 latex balloons,"a luxurious festive set: a lush basket of 101 soft-pink roses, a separate bouquet of 25 peach roses and a fountain of 15 latex balloons (pink, silver, white). Maximum wow effect for a birthday, anniversary or a big celebration. Online delivery from the next day in Nha Trang, a card on request","101 pink roses in a basket, 25 peach roses and 15 latex balloons delivery Nha Trang",바구니 핑크 장미 101송이 + 피치 장미 25송이 + 라텍스 풍선 15개,"럭셔리 축하 세트: 연핑크 장미 101송이를 담은 풍성한 바구니, 피치 장미 25송이 부케, 그리고 라텍스 풍선 15개(핑크·실버·화이트)의 구성. 생일, 기념일 또는 큰 행사에 최고의 와우 효과. 나트랑 주문 다음 날부터 배달, 요청 시 카드 동봉",바구니 핑크 장미 101송이 피치 장미 25송이 라텍스 풍선 15개 나트랑 배달
127,101 розовая роза в корзине с буквой «А» в центре,101-rozovaya-roza-korzina-bukva-a,img/products/101-rozovaya-roza-korzina-bukva-a/1.webp,101 розовая роза в корзине с буквой А в центре Нячанг доставка,"пышная круглая корзина из 101 нежно-розовой розы с выложенной белыми розами буквой «А» в центре — персональный и роскошный подарок с сильным вау-эффектом. Идеально на день рождения, годовщину или признание тому, чьё имя на «А». Онлайн-доставка по Нячангу со следующего дня, вложим открытку по желанию",2 500 000 донгов,≈ $100 · 9 100 ₽,101 розовая роза в корзине с буквой «А» в центре,101 pink roses in a basket with the letter A in the center,"a lush round basket of 101 soft-pink roses with the letter A laid out in white roses at the center — a personal and luxurious gift with a powerful wow effect. Perfect for a birthday, anniversary or a declaration to someone whose name starts with A. Online delivery from the next day in Nha Trang, a card on request",101 pink roses in a basket with the letter A in the center delivery Nha Trang,가운데 알파벳 A가 있는 핑크 장미 101송이 바구니,"연핑크 장미 101송이를 담은 풍성한 둥근 바구니, 가운데에 화이트 장미로 알파벳 A를 새긴 구성 — 개성 있고 럭셔리한 강렬한 와우 효과의 선물. 생일, 기념일 또는 이니셜이 A인 사람에게 완벽합니다. 나트랑 주문 다음 날부터 배달, 요청 시 카드 동봉",가운데 알파벳 A 핑크 장미 101송이 바구니 나트랑 배달
128,Сиреневый торт с розовыми розами,tort-sirenevyy-s-rozovymi-rozami,img/products/tort-sirenevyy-s-rozovymi-rozami/1.webp,Сиреневый торт с розовыми розами Нячанг доставка,"средний торт в нежных сиреневых тонах с кремовыми подтёками, украшен сверху розовыми розами и цветами. Небольшой праздничный тортик на день рождения или юбилей — в комплекте красивая коробка и свечи. Заказывается вместе с букетом, шарами или подарочным набором. Онлайн-доставка по Нячангу со следующего дня",250 000 донгов,≈ $10 · 1 000 ₽,Сиреневый торт с розовыми розами,Lilac cake with pink roses,"a medium cake in soft lilac tones with cream drips, topped with pink roses and flowers. A small festive cake for a birthday or anniversary — a nice box and candles included. Ordered together with a bouquet, balloons or a gift set. Online delivery from the next day in Nha Trang",Lilac cake with pink roses delivery Nha Trang,핑크 장미 라일락 케이크,"부드러운 라일락 톤에 크림 드립을 두르고 위에 핑크 장미와 꽃으로 장식한 미디엄 케이크. 생일이나 기념일을 위한 작은 축하 케이크 — 예쁜 상자와 초 포함. 꽃다발, 풍선 또는 선물 세트와 함께 주문. 나트랑 주문 다음 날부터 배달",핑크 장미 라일락 케이크 나트랑 배달
129,Футбольный торт с игроками на поле,tort-futbolnyy-igroki-pole,img/products/tort-futbolnyy-igroki-pole/1.webp,Футбольный торт с игроками на поле Нячанг доставка,"яркий футбольный торт для маленького болельщика: зелёное кремовое поле с фигурками игроков, воротами и мячом, топперы с футболистами и надписью Happy Birthday. Отличный подарок на день рождения фанату футбола. В комплекте свечи, заказывается вместе с букетом, шарами или подарочным набором. Онлайн-доставка по Нячангу со следующего дня",500 000 донгов,≈ $20 · 1 900 ₽,Футбольный торт с игроками на поле,Football cake with players on the field,"a bright football-themed birthday cake for a young fan: a green cream field with player figures, a goal and a ball, plus Happy Birthday footballer toppers. A great gift for a football fan's birthday. Candles included, ordered together with a bouquet, balloons or a gift set. Online delivery from the next day in Nha Trang",Football cake with players on the field delivery Nha Trang,필드 위 선수들이 있는 축구 케이크,"어린 축구 팬을 위한 화사한 축구 테마 생일 케이크: 그린 크림 필드에 선수 피규어, 골대와 공, 그리고 Happy Birthday 축구 선수 토퍼로 장식. 축구 팬의 생일 선물로 완벽합니다. 초 포함, 꽃다발·풍선·선물 세트와 함께 주문. 나트랑 주문 다음 날부터 배달",필드 위 선수들이 있는 축구 케이크 나트랑 배달
